patient_id,checkup_id,split,label,label_value,matched_term,matched_column,category,context_trigger,context,chief_complaint,present_illness,past_medical_record,examination
1,0001-001,train,label_caries,1,caries,examination,DIRECT_POSITIVE_CANDIDATE,,"o percussion pain, gingival inflammation, or mobility. Tooth 18 is buccally displaced with occlusal caries. Tooth 16 has a fractured enamel–dentin area with exposed dentin, negative cold and percussion test","The patient reports recurrent food impaction around tooth 48 for several years, causing intermittent discomfort.","Over the past few years, the patient has experienced repeated food trapping at the site of tooth 48, prompting today’s evaluation.","The patient denies any recent travel to high-risk areas, contact with COVID-19 cases, or systemic illnesses.","Tooth 48 shows mesial impaction with carious lesions on contacting surfaces. Tooth 47 has a distal carious defect with cold sensitivity but no percussion pain, gingival inflammation, or mobility. Tooth 18 is buccally displaced with occlusal caries. Tooth 16 has a fractured enamel–dentin area with exposed dentin, negative cold and percussion tests, healthy gingiva, and no mobility."
1,0001-003,train,label_tooth_loss,0,tooth loss,chief_complaint,DIRECT_POSITIVE_CANDIDATE,,The patient reports partial tooth loss in the upper left posterior region.,The patient reports partial tooth loss in the upper left posterior region.,"Two days ago, the patient experienced partial tooth loss while biting hard food. There is occasional sensitivity to acidic or sweet foods. Approximately 20 years ago, the tooth received a filling at an external clinic, details unknown. No spontaneous pain or other significant discomfort reported.",The patient is generally healthy with no systemic diseases or allergies. History of dental fillings and restorations.,"Tooth 26 shows a large amalgam restoration with marginal gaps, no pain on probing, V-shaped cervical defect with sclerotic dentin, sensitivity on probing, negative percussion, no mobility, and no obvious gingival abnormalities. Temperature test is sensitive."
1,0001-003,train,label_tooth_loss,0,tooth loss,present_illness,DIRECT_POSITIVE_CANDIDATE,,"Two days ago, the patient experienced partial tooth loss while biting hard food. There is occasional sensitivity to acidic or sweet foods. Approximately 20",The patient reports partial tooth loss in the upper left posterior region.,"Two days ago, the patient experienced partial tooth loss while biting hard food. There is occasional sensitivity to acidic or sweet foods. Approximately 20 years ago, the tooth received a filling at an external clinic, details unknown. No spontaneous pain or other significant discomfort reported.",The patient is generally healthy with no systemic diseases or allergies. History of dental fillings and restorations.,"Tooth 26 shows a large amalgam restoration with marginal gaps, no pain on probing, V-shaped cervical defect with sclerotic dentin, sensitivity on probing, negative percussion, no mobility, and no obvious gingival abnormalities. Temperature test is sensitive."
6,0006-003,train,label_caries,1,caries,chief_complaint,DIRECT_POSITIVE_CANDIDATE,,The patient was referred from orthodontics due to caries on both posterior teeth for three months.,The patient was referred from orthodontics due to caries on both posterior teeth for three months.,The patient reports caries on both sides of the posterior teeth and seeks treatment.,Denies any systemic medical history.,"Teeth 36, 37, 46, 47 show occlusal and buccal caries reaching the middle dentin layer, with normal cold and heat tests. Teeth 11, 12, 13, 21, 22, 23 show demineralization of enamel at the cervical labial area with soft probing, and normal cold and heat tests."
6,0006-003,train,label_caries,1,caries,present_illness,DIRECT_POSITIVE_CANDIDATE,,The patient reports caries on both sides of the posterior teeth and seeks treatment.,The patient was referred from orthodontics due to caries on both posterior teeth for three months.,The patient reports caries on both sides of the posterior teeth and seeks treatment.,Denies any systemic medical history.,"Teeth 36, 37, 46, 47 show occlusal and buccal caries reaching the middle dentin layer, with normal cold and heat tests. Teeth 11, 12, 13, 21, 22, 23 show demineralization of enamel at the cervical labial area with soft probing, and normal cold and heat tests."
6,0006-003,train,label_caries,1,caries,examination,DIRECT_POSITIVE_CANDIDATE,,"Teeth 36, 37, 46, 47 show occlusal and buccal caries reaching the middle dentin layer, with normal cold and heat tests. Teeth 11, 12, 13, 21, 22, 23 sho",The patient was referred from orthodontics due to caries on both posterior teeth for three months.,The patient reports caries on both sides of the posterior teeth and seeks treatment.,Denies any systemic medical history.,"Teeth 36, 37, 46, 47 show occlusal and buccal caries reaching the middle dentin layer, with normal cold and heat tests. Teeth 11, 12, 13, 21, 22, 23 show demineralization of enamel at the cervical labial area with soft probing, and normal cold and heat tests."
8,0008-001,train,label_tooth_loss,0,edentulous,examination,DIRECT_POSITIVE_CANDIDATE,,"emporarily sealed with no soft tissue abnormalities. Tooth 14 is missing, with normal mucosa in the edentulous area and normal occlusal-gingival distance. Tooth 13 shows brown discoloration on mesial and distal",The patient returns for a follow-up two weeks after impressions for the upper right posterior teeth.,The patient returns for a follow-up two weeks after impressions for the upper right posterior teeth.,Healthy.,"Teeth 15 and 16 are temporarily sealed with no soft tissue abnormalities. Tooth 14 is missing, with normal mucosa in the edentulous area and normal occlusal-gingival distance. Tooth 13 shows brown discoloration on mesial and distal surfaces, with soft probing, yellow color, negative percussion, and depth reaching the dentin layer."
28,0028-002,train,label_caries,1,caries,examination,DIRECT_POSITIVE_CANDIDATE,,"Teeth 17, 26, 27, 36, 47 show black occlusal pit and fissure caries, with probe catching, negative cold test, and negative percussion.",The patient reports multiple teeth turning black over the past few weeks.,"The patient noticed multiple teeth turning black a few weeks ago, with no significant symptoms, and requests fillings.",No significant medical history.,"Teeth 17, 26, 27, 36, 47 show black occlusal pit and fissure caries, with probe catching, negative cold test, and negative percussion."
32,0032-001,test,label_caries,1,caries,examination,DIRECT_POSITIVE_CANDIDATE,,"Tooth 47 is temporarily sealed. Tooth 37 shows proximal caries reaching deep dentin, with pain on cold and heat testing.",The patient is here for continued treatment one week after root canal therapy.,The patient reports no issues following root canal therapy one week ago.,,"Tooth 47 is temporarily sealed. Tooth 37 shows proximal caries reaching deep dentin, with pain on cold and heat testing."
33,0033-001,train,label_caries,1,caries,chief_complaint,DIRECT_POSITIVE_CANDIDATE,,The patient reports caries on both lower posterior teeth for several months.,The patient reports caries on both lower posterior teeth for several months.,The patient has experienced caries on both lower posterior teeth for several months.,"The patient denies any systemic medical history, recent travel to high-risk areas, contact with COVID-19 cases, hypertension, heart disease, diabetes, or drug allergies.","Teeth 36 and 46 show extensive occlusal caries with distal gingival overgrowth, negative to probing and percussion, with X-ray showing deep shadows reaching the pulp chamber. Tooth 16 has occlusal pit and fissure caries with black discoloration, negative to probing and percussion. Teeth 35 and 45 exhibit sharp, malformed central cusps."
33,0033-001,train,label_caries,1,caries,present_illness,DIRECT_POSITIVE_CANDIDATE,,The patient has experienced caries on both lower posterior teeth for several months.,The patient reports caries on both lower posterior teeth for several months.,The patient has experienced caries on both lower posterior teeth for several months.,"The patient denies any systemic medical history, recent travel to high-risk areas, contact with COVID-19 cases, hypertension, heart disease, diabetes, or drug allergies.","Teeth 36 and 46 show extensive occlusal caries with distal gingival overgrowth, negative to probing and percussion, with X-ray showing deep shadows reaching the pulp chamber. Tooth 16 has occlusal pit and fissure caries with black discoloration, negative to probing and percussion. Teeth 35 and 45 exhibit sharp, malformed central cusps."
33,0033-001,train,label_caries,1,caries,examination,DIRECT_POSITIVE_CANDIDATE,,"Teeth 36 and 46 show extensive occlusal caries with distal gingival overgrowth, negative to probing and percussion, with X-ray showing deep shadow",The patient reports caries on both lower posterior teeth for several months.,The patient has experienced caries on both lower posterior teeth for several months.,"The patient denies any systemic medical history, recent travel to high-risk areas, contact with COVID-19 cases, hypertension, heart disease, diabetes, or drug allergies.","Teeth 36 and 46 show extensive occlusal caries with distal gingival overgrowth, negative to probing and percussion, with X-ray showing deep shadows reaching the pulp chamber. Tooth 16 has occlusal pit and fissure caries with black discoloration, negative to probing and percussion. Teeth 35 and 45 exhibit sharp, malformed central cusps."
33,0033-002,train,label_caries,1,caries,examination,DIRECT_POSITIVE_CANDIDATE,,Tooth 36 exhibits extensive occlusal caries with pulp hyperplasia and lingual gingival overgrowth covering the tooth margin. Radiographs show n,The patient reports pressure-induced discomfort in the lower left molar region for several days.,,,Tooth 36 exhibits extensive occlusal caries with pulp hyperplasia and lingual gingival overgrowth covering the tooth margin. Radiographs show no periapical radiolucency. Tooth 46 has intact filling material and is negative to percussion.
35,0035-001,validation,label_caries,1,caries,examination,DIRECT_POSITIVE_CANDIDATE,,"al and subgingival defects, negative to percussion, cold, and gingival tests. Tooth 16 has occlusal caries, negative to percussion, cold, and gingival tests.",The patient reports that the filling material on the lower right posterior tooth has fallen out for several weeks.,The patient experienced a loss of filling material in the lower right posterior tooth after biting on a hard object and has come to the clinic for treatment.,No significant medical history.,"Tooth 46 shows a large distal occlusal restoration with slight lingual and subgingival defects, negative to percussion, cold, and gingival tests. Tooth 16 has occlusal caries, negative to percussion, cold, and gingival tests."
57,0057-001,test,label_caries,1,caries,examination,DIRECT_POSITIVE_CANDIDATE,,"Tooth 42 is a residual root with no response to cold or heat tests. Teeth 41 and 43 have proximal caries extending into deep dentin, with positive responses to cold and heat tests and probing.",The patient reports a fractured lower anterior tooth for several years.,"The patient describes a fractured lower anterior tooth affecting aesthetics, prompting today's visit.",The patient takes daily antidiabetic medication and denies systemic diseases.,"Tooth 42 is a residual root with no response to cold or heat tests. Teeth 41 and 43 have proximal caries extending into deep dentin, with positive responses to cold and heat tests and probing."
65,0065-001,train,label_caries,1,caries,examination,DIRECT_POSITIVE_CANDIDATE,,"Tooth 17 has buccal-occlusal caries, negative percussion, normal gingiva, and normal cold test. Tooth 24 is intact with normal gingiva",Referred from orthodontics for tooth extraction.,"Referred from orthodontics, seeking extraction.",,"Tooth 17 has buccal-occlusal caries, negative percussion, normal gingiva, and normal cold test. Tooth 24 is intact with normal gingiva and no other notable findings."
82,0082-001,validation,label_caries,1,caries,examination,DIRECT_POSITIVE_CANDIDATE,,"l morphology and others: Facial asymmetry. Profile: convex. Deep mentolabial groove. [C][D][0][CD], caries observed.",Patient reports misalignment of all teeth for several years.,"Post replacement of primary teeth, the degree of misalignment has progressively worsened, affecting function and aesthetics.","No previous orthodontic treatment. The patient reports no systemic diseases such as hypertension or diabetes, and no infectious diseases like hepatitis or tuberculosis.","1. Teeth and dental arches: During mixed dentition; arch shape: oval; crowding: moderate. 2. Occlusion: Molar relationship: mild distal. Anterior teeth occlusion: I0; anterior teeth overjet: I0; midline normal. 3. Other oral soft and hard tissues: Oral hygiene is average. Periodontal condition is average. Normal labial and lingual frenulum attachment. Normal tongue. 4. Facial morphology and others: Facial asymmetry. Profile: convex. Deep mentolabial groove. [C][D][0][CD], caries observed."
99,0099-002,test,label_caries,1,caries,examination,DIRECT_POSITIVE_CANDIDATE,,"Tooth 46 shows incipient caries in occlusal pits and fissures, with no tenderness on probing. Maxillary protrusion observed.",Routine dental check-up. The patient denies recent travel to high-risk areas or contact with COVID-19 cases.,,,"Tooth 46 shows incipient caries in occlusal pits and fissures, with no tenderness on probing. Maxillary protrusion observed."
106,0106-001,train,label_caries,1,caries,examination,DIRECT_POSITIVE_CANDIDATE,,"k discoloration and soft texture, containing food debris. Tooth [ED] shows occlusal pit and fissure caries, negative to probing. Teeth [ED][DE] have residual crowns. Teeth 31, 32, 41, and 42 are in mixed de",,,,"Teeth [C][CDE][C][C] exhibit carious lesions with black discoloration and soft texture, containing food debris. Tooth [ED] shows occlusal pit and fissure caries, negative to probing. Teeth [ED][DE] have residual crowns. Teeth 31, 32, 41, and 42 are in mixed dentition with crossbite."
135,0135-003,validation,label_caries,1,caries,examination,DIRECT_POSITIVE_CANDIDATE,,"Tooth 37 exhibits occlusal caries, percussion test negative, gingival health normal, cold test normal.",Referred from orthodontics for dental restoration.,Referred from orthodontics for a filling.,,"Tooth 37 exhibits occlusal caries, percussion test negative, gingival health normal, cold test normal."
146,0146-002,train,label_caries,1,caries,examination,DIRECT_POSITIVE_CANDIDATE,,"33, 41, 42, 43 exhibit protrusion and crowding. No gingival swelling. Teeth 16 and 36 have occlusal caries, with tooth 36 caries extending to deep dentin.",The patient reports misaligned teeth for several years.,"The patient has experienced dental misalignment since the eruption of permanent teeth, affecting aesthetics.",No significant past medical history.,"Teeth 11, 12, 13, 21, 22, 23, 31, 32, 33, 41, 42, 43 exhibit protrusion and crowding. No gingival swelling. Teeth 16 and 36 have occlusal caries, with tooth 36 caries extending to deep dentin."
150,0150-002,test,label_caries,1,caries,examination,DIRECT_POSITIVE_CANDIDATE,,Tooth [0][D] shows distal caries with negative probing and percussion; X-ray reveals deep shadow reaching the pulp chamber. Tooth [0,The patient reports decay in the upper left posterior tooth. Denies recent travel to high-risk areas or contact with COVID-19 cases.,,,"Tooth [0][D] shows distal caries with negative probing and percussion; X-ray reveals deep shadow reaching the pulp chamber. Tooth [0][E] has mesial caries with soft, blackened dentin, negative probing and percussion."
158,0158-002,train,label_caries,1,caries,examination,DIRECT_POSITIVE_CANDIDATE,,"Teeth 17, 26, 27, 36, and 47 have black occlusal pit and fissure caries, with probe catching. Cold test negative, percussion negative.",The patient reports multiple teeth turning black over several weeks.,The patient noticed several teeth turning black a few weeks ago without significant symptoms and requests restorations.,No significant medical history.,"Teeth 17, 26, 27, 36, and 47 have black occlusal pit and fissure caries, with probe catching. Cold test negative, percussion negative."
172,0172-003,test,label_caries,1,caries,examination,DIRECT_POSITIVE_CANDIDATE,,"Teeth 16, 26, 36, and 46 have occlusal caries extending to the superficial dentin layer, negative to probing and cold testing, no mobility, and h",The patient noticed darkening of posterior teeth on both sides for a month.,"One month ago, the patient observed darkening of posterior teeth on both sides without pain, seeking restoration.",Healthy. No significant medical history. Denies systemic diseases.,"Teeth 16, 26, 36, and 46 have occlusal caries extending to the superficial dentin layer, negative to probing and cold testing, no mobility, and healthy gingiva."
175,0175-001,test,label_tooth_loss,0,missing teeth,examination,DIRECT_POSITIVE_CANDIDATE,,"hology. 4. Facial morphology and others: Facial asymmetry. Convex profile. Deep mentolabial sulcus. Missing teeth 12, 31 with retained primary teeth.",The patient reports misalignment of teeth for several years.,"Post-exfoliation, the misalignment of teeth has progressively worsened, affecting function and aesthetics.","No previous orthodontic treatment. The patient reports no systemic diseases such as hypertension or diabetes, and no infectious diseases like hepatitis or tuberculosis.","1. Teeth and dental arch: Permanent dentition; Arch form: oval; Crowding: mild. 2. Occlusion: Molar relationship: neutral. Anterior overbite: I0; Anterior overjet: I0; Midline shifted to the right. 3. Other oral soft and hard tissues: Oral hygiene is moderate. Periodontal condition is moderate. Normal labial and lingual frenum attachment. Normal tongue morphology. 4. Facial morphology and others: Facial asymmetry. Convex profile. Deep mentolabial sulcus. Missing teeth 12, 31 with retained primary teeth."
182,0182-001,test,label_caries,1,caries,examination,DIRECT_POSITIVE_CANDIDATE,,"Teeth [0][DE][ED][0] show proximal caries with food debris and staining, with radiographic evidence of deep shadows near the pulp. Tooth [A]",,,,"Teeth [0][DE][ED][0] show proximal caries with food debris and staining, with radiographic evidence of deep shadows near the pulp. Tooth [A] exhibits Grade III mobility."
206,0206-001,test,label_caries,1,caries,examination,DIRECT_POSITIVE_CANDIDATE,,"Tooth 36 with temporary seal; tooth 44 with proximal caries extending to deep dentin, painful to cold and heat tests.",Continuing treatment one week after root canal therapy.,"No issues reported one week after root canal therapy, presenting for continued treatment.",,"Tooth 36 with temporary seal; tooth 44 with proximal caries extending to deep dentin, painful to cold and heat tests."
224,0224-001,train,label_caries,0,caries,examination,DIRECT_POSITIVE_CANDIDATE,,"light percussion sensitivity. Teeth 13, 23, 24, 27, 43 show proximal discoloration with deep dentin caries and cold sensitivity. Teeth 11, 12, 21, 22, 44, 45 have porcelain crowns with poor marginal fit. Te",The patient reports pain in the lower right posterior tooth for several days.,"The patient has a cavity in the lower right posterior tooth, experiencing pain upon eating, prompting today's visit.",Denies recent travel to high-risk areas or contact with COVID-19 cases. No history of systemic illness.,"Tooth 46 exhibits a dark carious lesion extending to deep dentin, pain on cold testing, and slight percussion sensitivity. Teeth 13, 23, 24, 27, 43 show proximal discoloration with deep dentin caries and cold sensitivity. Teeth 11, 12, 21, 22, 44, 45 have porcelain crowns with poor marginal fit. Teeth 25, 26 show gingival fistula and purulent discharge on the buccal side."
233,0233-001,test,label_caries,1,caries,examination,DIRECT_POSITIVE_CANDIDATE,,"esents as a root remnant with no response to cold or heat tests. Teeth 41 and 43 have interproximal caries reaching deep dentin with pain on cold and heat testing, and positive probing.","The patient reports a fractured lower anterior tooth for several years, affecting aesthetics.",The patient seeks treatment for a fractured lower anterior tooth impacting appearance.,The patient takes daily antidiabetic medication and denies any systemic illnesses.,"Tooth 42 presents as a root remnant with no response to cold or heat tests. Teeth 41 and 43 have interproximal caries reaching deep dentin with pain on cold and heat testing, and positive probing."
240,0240-001,train,label_caries,1,caries,examination,DIRECT_POSITIVE_CANDIDATE,,"Tooth 26 has distal cervical caries, cold sensitivity, no percussion pain, gingival inflammation, or mobility. Tooth 36 has extensive o",The patient reports pain in the upper and lower posterior teeth on both sides for several days.,"The patient has experienced spontaneous, nocturnal pain in the posterior teeth on both sides, affecting eating.","The patient is generally healthy, denies systemic diseases, drug allergies, recent travel to high-risk areas, or contact with COVID-19 cases.","Tooth 26 has distal cervical caries, cold sensitivity, no percussion pain, gingival inflammation, or mobility. Tooth 36 has extensive occlusal caries and defect, no sensitivity, percussion pain, or gingival inflammation, but shows grade I mobility. Tooth 16 shows no obvious caries, cold sensitivity, no percussion pain, gingival inflammation, but grade I mobility."
251,0251-001,train,label_caries,1,caries,examination,DIRECT_POSITIVE_CANDIDATE,,"o percussion pain, gingival inflammation, or mobility. Tooth 18 is buccally displaced with occlusal caries. Tooth 16 has a fractured enamel–dentin area with exposed dentin, negative cold and percussion test",The patient reports recurrent food impaction around the lower right posterior tooth for several years.,"The patient has experienced repeated food trapping at the site of the lower right posterior tooth for several years, prompting today’s evaluation.","The patient denies any recent travel to high-risk areas, contact with COVID-19 cases, or systemic illnesses.","Tooth 48 shows mesial impaction with carious lesions on contacting surfaces. Tooth 47 has a distal carious defect with cold sensitivity but no percussion pain, gingival inflammation, or mobility. Tooth 18 is buccally displaced with occlusal caries. Tooth 16 has a fractured enamel–dentin area with exposed dentin, negative cold and percussion tests, healthy gingiva, and no mobility."
251,0251-003,train,label_tooth_loss,0,tooth loss,chief_complaint,DIRECT_POSITIVE_CANDIDATE,,The patient reports partial tooth loss in the upper left posterior region.,The patient reports partial tooth loss in the upper left posterior region.,"The patient reports that two days ago, part of the upper left posterior tooth fractured while biting a hard object. Occasionally experiences sensitivity to acidic and sweet foods. Had a filling treatment on the upper left posterior tooth over 20 years ago at another clinic, details unknown. No spontaneous pain or other significant discomfort. Presenting for evaluation today.","The patient is generally healthy, denies systemic diseases, and has no known allergies. History of dental treatments including fillings and restorations.","Tooth 26 shows a large amalgam restoration with marginal gaps, no tenderness on probing, cervical V-shaped defect with sclerotic dentin, sensitivity on probing, negative percussion test, no mobility, and no significant gingival abnormalities. Sensitive to temperature testing."
261,0261-003,train,label_caries,1,caries,examination,DIRECT_POSITIVE_CANDIDATE,,"Teeth 16, 17, 27, 35, 36, 37, 45, 46, 47 show occlusal caries extending to the middle dentin layer, with negative responses to probing, cold, heat, and percussio",The patient seeks treatment for dark discoloration of posterior teeth on both sides for six months.,The patient noticed dark discoloration of posterior teeth on both sides for several days.,Healthy with no systemic conditions or drug allergies.,"Teeth 16, 17, 27, 35, 36, 37, 45, 46, 47 show occlusal caries extending to the middle dentin layer, with negative responses to probing, cold, heat, and percussion tests."
305,0305-001,train,label_caries,1,caries,examination,DIRECT_POSITIVE_CANDIDATE,,"Tooth 47: Temporarily sealed. Tooth 37: Proximal caries reaching deep dentin, positive response to cold and heat tests.",Continuation of treatment one week after root canal therapy.,The patient reports no issues one week after root canal therapy and has returned for further treatment.,,"Tooth 47: Temporarily sealed. Tooth 37: Proximal caries reaching deep dentin, positive response to cold and heat tests."
311,0311-001,train,label_tooth_loss,0,missing tooth,examination,DIRECT_POSITIVE_CANDIDATE,,"of mandibular arch, oval arch form, deep Curve of Spee, lingual inclination of mandibular incisors, missing tooth 42. Good oral hygiene. TMJ examination: no significant abnormalities.",The patient reports misaligned teeth for several years.,The patient has experienced dental misalignment since the mixed dentition phase and seeks improvement.,Healthy.,"Extraoral frontal view: facial symmetry, centered chin, proportional facial height. Lateral view: straight profile (retrognathic mandible). Intraoral examination: permanent dentition, molar relationship: Class II, canine relationship: Class II, Grade II deep overbite. Mild crowding of maxillary arch, square-round arch form, aligned midline, lingual inclination of maxillary incisors, visible restorations on teeth 16, 17, 26, 11, 21. Mild crowding of mandibular arch, oval arch form, deep Curve of Spee, lingual inclination of mandibular incisors, missing tooth 42. Good oral hygiene. TMJ examination: no significant abnormalities."
312,0312-001,train,label_caries,1,caries,examination,DIRECT_POSITIVE_CANDIDATE,,Tooth 24 shows significant mesial-occlusal surface loss with secondary caries at the margins and gingival overgrowth. No percussion pain or mobility.,"The patient reports that the filling on the upper left posterior tooth fell out three days ago, seeking treatment.","The upper left posterior tooth underwent root canal treatment and resin filling at an external clinic. The filling dislodged three days ago, affecting eating.","The patient is generally healthy, denies systemic diseases and drug allergies, and has no recent travel history to high-risk areas or contact with COVID-19 cases. Recent COVID-19 test was negative.",Tooth 24 shows significant mesial-occlusal surface loss with secondary caries at the margins and gingival overgrowth. No percussion pain or mobility.
316,0316-001,train,label_tooth_loss,0,missing teeth,examination,DIRECT_POSITIVE_CANDIDATE,,1. Teeth and dental arch: Permanent dentition; arch form: ovoid; moderate crowding; congenitally missing teeth noted. 2. Occlusion: Molar relationship: mild mesial on the left. Normal overbite and overjet; midl,The patient has been aware of dental misalignment for several years.,"Post-exfoliation, the misalignment of teeth has progressively worsened, affecting function and aesthetics.","No previous orthodontic treatment. The patient reports no systemic diseases such as hypertension or diabetes, and no infectious diseases like hepatitis or tuberculosis.","1. Teeth and dental arch: Permanent dentition; arch form: ovoid; moderate crowding; congenitally missing teeth noted. 2. Occlusion: Molar relationship: mild mesial on the left. Normal overbite and overjet; midline deviation to the right. 3. Other oral soft and hard tissues: Good oral hygiene and periodontal condition. Normal palatal vault, labial and lingual frenulum, and tongue. 4. Facial morphology: Asymmetry with a convex profile and chin deviation."
317,0317-001,validation,label_tooth_loss,0,missing teeth,examination,DIRECT_POSITIVE_CANDIDATE,,"enulum, and tongue. 4. Facial morphology: Asymmetry with a convex profile, deep mentolabial sulcus. Missing teeth 45, 22 in crossbite.",The patient has been aware of dental misalignment for several years.,"Post-exfoliation, the misalignment of teeth has progressively worsened, affecting function and aesthetics.","No previous orthodontic treatment. The patient reports no systemic diseases such as hypertension or diabetes, and no infectious diseases like hepatitis or tuberculosis.","1. Teeth and dental arch: Permanent dentition; arch form: ovoid; moderate crowding. 2. Occlusion: Molar relationship: mild mesial; canine relationship: mesial. Normal overbite and overjet; midline deviation to the right. 3. Other oral soft and hard tissues: Moderate oral hygiene and periodontal condition. Normal labial and lingual frenulum, and tongue. 4. Facial morphology: Asymmetry with a convex profile, deep mentolabial sulcus. Missing teeth 45, 22 in crossbite."
364,0364-001,train,label_caries,1,caries,examination,DIRECT_POSITIVE_CANDIDATE,,Teeth 43 and 44 have dislodged porcelain crowns with deep caries and pulp exposure. Positive response to probing and cold test. The mucosa in the apical region is n,The patient reports discomfort due to the dislodgement of a porcelain crown on the lower right posterior teeth for several weeks.,"The porcelain crown on the lower right posterior teeth has been dislodged for several weeks, affecting eating, prompting today's visit.",The patient is generally healthy with no significant medical history.,"Teeth 43 and 44 have dislodged porcelain crowns with deep caries and pulp exposure. Positive response to probing and cold test. The mucosa in the apical region is normal, and there is no percussion pain."
382,0382-001,train,label_caries,1,caries,chief_complaint,DIRECT_POSITIVE_CANDIDATE,,The patient reports discomfort due to caries in the upper right posterior tooth for several weeks.,The patient reports discomfort due to caries in the upper right posterior tooth for several weeks.,"The patient has experienced discomfort from caries in the upper right posterior tooth for several weeks, affecting eating, and returns for continued treatment.",,"Teeth 16 and 46 have deep caries with pulp exposure, positive probing (++), cold sensitivity (+), normal periapical mucosa, and negative percussion."
382,0382-001,train,label_caries,1,caries,present_illness,DIRECT_POSITIVE_CANDIDATE,,"The patient has experienced discomfort from caries in the upper right posterior tooth for several weeks, affecting eating, and returns for continued t",The patient reports discomfort due to caries in the upper right posterior tooth for several weeks.,"The patient has experienced discomfort from caries in the upper right posterior tooth for several weeks, affecting eating, and returns for continued treatment.",,"Teeth 16 and 46 have deep caries with pulp exposure, positive probing (++), cold sensitivity (+), normal periapical mucosa, and negative percussion."
382,0382-001,train,label_caries,1,caries,examination,DIRECT_POSITIVE_CANDIDATE,,"Teeth 16 and 46 have deep caries with pulp exposure, positive probing (++), cold sensitivity (+), normal periapical mucosa, and nega",The patient reports discomfort due to caries in the upper right posterior tooth for several weeks.,"The patient has experienced discomfort from caries in the upper right posterior tooth for several weeks, affecting eating, and returns for continued treatment.",,"Teeth 16 and 46 have deep caries with pulp exposure, positive probing (++), cold sensitivity (+), normal periapical mucosa, and negative percussion."
383,0383-002,train,label_caries,1,caries,chief_complaint,DIRECT_POSITIVE_CANDIDATE,,The patient reports discomfort from caries in the lower left posterior tooth for several weeks.,The patient reports discomfort from caries in the lower left posterior tooth for several weeks.,"The patient has experienced discomfort from caries in the lower left posterior tooth for several weeks, affecting eating, and is returning for continued treatment.",,"Tooth 35 shows deep caries on the distal surface with pulp exposure, positive probing and cold tests, normal mucosa in the apical area, and no percussion pain."
383,0383-002,train,label_caries,1,caries,present_illness,DIRECT_POSITIVE_CANDIDATE,,"The patient has experienced discomfort from caries in the lower left posterior tooth for several weeks, affecting eating, and is returning for continu",The patient reports discomfort from caries in the lower left posterior tooth for several weeks.,"The patient has experienced discomfort from caries in the lower left posterior tooth for several weeks, affecting eating, and is returning for continued treatment.",,"Tooth 35 shows deep caries on the distal surface with pulp exposure, positive probing and cold tests, normal mucosa in the apical area, and no percussion pain."
383,0383-002,train,label_caries,1,caries,examination,DIRECT_POSITIVE_CANDIDATE,,"Tooth 35 shows deep caries on the distal surface with pulp exposure, positive probing and cold tests, normal mucosa in the api",The patient reports discomfort from caries in the lower left posterior tooth for several weeks.,"The patient has experienced discomfort from caries in the lower left posterior tooth for several weeks, affecting eating, and is returning for continued treatment.",,"Tooth 35 shows deep caries on the distal surface with pulp exposure, positive probing and cold tests, normal mucosa in the apical area, and no percussion pain."
396,0396-002,test,label_caries,1,caries,chief_complaint,DIRECT_POSITIVE_CANDIDATE,,The patient reports discomfort from caries in the lower left posterior tooth for several weeks.,The patient reports discomfort from caries in the lower left posterior tooth for several weeks.,"Discomfort from caries in the lower left posterior tooth for several weeks, affecting eating, returning for continued treatment.",,"Tooth 35 shows deep distal caries with pulp exposure. The tooth is tender to probing, sensitive to cold, but non-tender to percussion. The apical mucosa appears normal."
396,0396-002,test,label_caries,1,caries,present_illness,DIRECT_POSITIVE_CANDIDATE,,"Discomfort from caries in the lower left posterior tooth for several weeks, affecting eating, returning for continued trea",The patient reports discomfort from caries in the lower left posterior tooth for several weeks.,"Discomfort from caries in the lower left posterior tooth for several weeks, affecting eating, returning for continued treatment.",,"Tooth 35 shows deep distal caries with pulp exposure. The tooth is tender to probing, sensitive to cold, but non-tender to percussion. The apical mucosa appears normal."
396,0396-002,test,label_caries,1,caries,examination,DIRECT_POSITIVE_CANDIDATE,,"Tooth 35 shows deep distal caries with pulp exposure. The tooth is tender to probing, sensitive to cold, but non-tender to percussion",The patient reports discomfort from caries in the lower left posterior tooth for several weeks.,"Discomfort from caries in the lower left posterior tooth for several weeks, affecting eating, returning for continued treatment.",,"Tooth 35 shows deep distal caries with pulp exposure. The tooth is tender to probing, sensitive to cold, but non-tender to percussion. The apical mucosa appears normal."
421,0421-001,train,label_tooth_loss,0,missing teeth,chief_complaint,DIRECT_POSITIVE_CANDIDATE,,The patient reports multiple missing teeth for several years.,The patient reports multiple missing teeth for several years.,"The patient reports multiple missing teeth for several years, with gradual tooth mobility and displacement, bleeding during brushing, but no significant pain.","The patient denies hypertension, heart disease, diabetes, drug allergies, and has no significant family or hereditary disease history.","Generalized moderate to severe gingival recession, easy bleeding on probing, missing teeth 16, 17, 36, 37, 46, teeth 14, 15 with grade III mobility, teeth 26, 27 with elongation. Poor oral hygiene; Debris Index (DI): 2, Calculus Index (Cl): 2, indicating supragingival calculus covering more than 1/3 but less than 2/3 of the tooth surface, detectable attachment loss, and subgingival calculus. Bleeding Index: 4, indicating profuse bleeding upon probing, gingival redness, and loss of stippling."
421,0421-001,train,label_tooth_loss,0,missing teeth,present_illness,DIRECT_POSITIVE_CANDIDATE,,"The patient reports multiple missing teeth for several years, with gradual tooth mobility and displacement, bleeding during brushing, but no s",The patient reports multiple missing teeth for several years.,"The patient reports multiple missing teeth for several years, with gradual tooth mobility and displacement, bleeding during brushing, but no significant pain.","The patient denies hypertension, heart disease, diabetes, drug allergies, and has no significant family or hereditary disease history.","Generalized moderate to severe gingival recession, easy bleeding on probing, missing teeth 16, 17, 36, 37, 46, teeth 14, 15 with grade III mobility, teeth 26, 27 with elongation. Poor oral hygiene; Debris Index (DI): 2, Calculus Index (Cl): 2, indicating supragingival calculus covering more than 1/3 but less than 2/3 of the tooth surface, detectable attachment loss, and subgingival calculus. Bleeding Index: 4, indicating profuse bleeding upon probing, gingival redness, and loss of stippling."
421,0421-001,train,label_tooth_loss,0,missing teeth,examination,DIRECT_POSITIVE_CANDIDATE,,"Generalized moderate to severe gingival recession, easy bleeding on probing, missing teeth 16, 17, 36, 37, 46, teeth 14, 15 with grade III mobility, teeth 26, 27 with elongation. Poor oral h",The patient reports multiple missing teeth for several years.,"The patient reports multiple missing teeth for several years, with gradual tooth mobility and displacement, bleeding during brushing, but no significant pain.","The patient denies hypertension, heart disease, diabetes, drug allergies, and has no significant family or hereditary disease history.","Generalized moderate to severe gingival recession, easy bleeding on probing, missing teeth 16, 17, 36, 37, 46, teeth 14, 15 with grade III mobility, teeth 26, 27 with elongation. Poor oral hygiene; Debris Index (DI): 2, Calculus Index (Cl): 2, indicating supragingival calculus covering more than 1/3 but less than 2/3 of the tooth surface, detectable attachment loss, and subgingival calculus. Bleeding Index: 4, indicating profuse bleeding upon probing, gingival redness, and loss of stippling."
452,0452-001,train,label_caries,1,caries,examination,DIRECT_POSITIVE_CANDIDATE,,"o percussion pain, gingival inflammation, or mobility. Tooth 18 is buccally displaced with occlusal caries. Tooth 16 has a fractured enamel–dentin area with exposed dentin, negative cold and percussion test",The patient reports recurrent food impaction around the lower right posterior tooth for several years.,"Over the past few years, the patient has experienced repeated food trapping at the site of the lower right posterior tooth, prompting today’s evaluation.","The patient denies any recent travel to high-risk areas, contact with COVID-19 cases, or systemic illnesses.","Tooth 48 shows mesial impaction with carious lesions on contacting surfaces. Tooth 47 has a distal carious defect with cold sensitivity but no percussion pain, gingival inflammation, or mobility. Tooth 18 is buccally displaced with occlusal caries. Tooth 16 has a fractured enamel–dentin area with exposed dentin, negative cold and percussion tests, healthy gingiva, and no mobility."
452,0452-003,train,label_tooth_loss,0,tooth loss,chief_complaint,DIRECT_POSITIVE_CANDIDATE,,The patient reports partial tooth loss in the upper left posterior region.,The patient reports partial tooth loss in the upper left posterior region.,"Two days ago, the patient experienced partial tooth loss in the upper left posterior tooth while biting hard food. Occasionally, there is sensitivity to sour and sweet foods. The tooth had a previous filling treatment at another clinic over 20 years ago, with no spontaneous pain or other significant discomfort. The patient presents today for evaluation.","The patient is generally healthy, denies systemic diseases, and has no known allergies. History of dental treatments includes fillings and restorations.","Tooth 26 shows a large amalgam restoration with marginal gaps, no pain on probing, a V-shaped cervical defect with sclerotic dentin, sensitivity to probing, no percussion pain, no mobility, and no significant gingival abnormalities. Temperature testing is sensitive."
452,0452-003,train,label_tooth_loss,0,tooth loss,present_illness,DIRECT_POSITIVE_CANDIDATE,,"Two days ago, the patient experienced partial tooth loss in the upper left posterior tooth while biting hard food. Occasionally, there is sensitivity to sou",The patient reports partial tooth loss in the upper left posterior region.,"Two days ago, the patient experienced partial tooth loss in the upper left posterior tooth while biting hard food. Occasionally, there is sensitivity to sour and sweet foods. The tooth had a previous filling treatment at another clinic over 20 years ago, with no spontaneous pain or other significant discomfort. The patient presents today for evaluation.","The patient is generally healthy, denies systemic diseases, and has no known allergies. History of dental treatments includes fillings and restorations.","Tooth 26 shows a large amalgam restoration with marginal gaps, no pain on probing, a V-shaped cervical defect with sclerotic dentin, sensitivity to probing, no percussion pain, no mobility, and no significant gingival abnormalities. Temperature testing is sensitive."
499,0499-002,train,label_caries,1,caries,examination,DIRECT_POSITIVE_CANDIDATE,,"[0][E], buccal gingival fistula, secondary caries at filling margins, percussion negative, X-ray shows partial root resorption. Teeth 12 and 42 exhib",The patient reports pain in the upper left posterior tooth for several days and denies recent travel to high-risk areas or contact with COVID-19 cases.,,,"[0][E], buccal gingival fistula, secondary caries at filling margins, percussion negative, X-ray shows partial root resorption. Teeth 12 and 42 exhibit crossbite with maxillary protrusion."
533,0533-001,test,label_caries,1,caries,examination,DIRECT_POSITIVE_CANDIDATE,,Tooth 23 has a deep wedge-shaped groove at the cervical area with black caries extending 1mm below the gingiva into the deep dentin. Positive response to probing and cold test wi,The patient reports pain in the upper left anterior teeth upon exposure to hot and cold stimuli for several days.,The patient has experienced prolonged pain in the upper left anterior teeth when exposed to hot and cold stimuli for several days and seeks treatment.,"The patient denies cardiovascular diseases such as hypertension and coronary heart disease; metabolic diseases such as diabetes and gout; infectious diseases such as hepatitis, syphilis, and HIV; autoimmune diseases such as lupus, rheumatoid arthritis, and Hashimoto's thyroiditis; hormonal disorders such as hyperthyroidism and hypothyroidism; renal diseases; mental disorders; and allergies to penicillin or metals. No history of medication use or smoking.","Tooth 23 has a deep wedge-shaped groove at the cervical area with black caries extending 1mm below the gingiva into the deep dentin. Positive response to probing and cold test with prolonged pain, negative percussion test. Generalized moderate gingival recession with bleeding on probing. Poor oral hygiene with a debris index (DI) of 1 and calculus index (Cl) of 1, indicating supragingival calculus covering less than one-third of the tooth surface, detectable attachment loss, and subgingival calculus with a bleeding index of 4, indicating profuse bleeding on probing. Gingiva is swollen and dark red with loss of stippling."
581,0581-001,train,label_caries,1,caries,examination,DIRECT_POSITIVE_CANDIDATE,,"hing the pulp chamber, with no percussion sensitivity or mobility. Tooth 23 is a residual root with caries at the gingival level, no percussion sensitivity or mobility, and healthy gingiva.",,,,"Teeth 31, 32, 33, 41, 44 show no percussion or palpation sensitivity, and no exudate in the root canals. The mucosa in the apical region is not swollen or red. Teeth 11, 13, 21 have deep carious lesions reaching the pulp chamber, with no percussion sensitivity or mobility. Tooth 23 is a residual root with caries at the gingival level, no percussion sensitivity or mobility, and healthy gingiva."
587,0587-001,test,label_caries,1,caries,examination,DIRECT_POSITIVE_CANDIDATE,,"Tooth 13 shows a deep wedge-shaped groove at the cervical area with black caries extending 1mm subgingivally, reaching deep dentin; positive probing; positive cold test with prolon",The patient reports pain in the upper left anterior tooth when exposed to hot and cold stimuli for several days.,"The patient has experienced pain in the upper left anterior tooth upon exposure to hot and cold for several days, with increasing duration of pain, and seeks treatment.","The patient denies having cardiovascular diseases such as hypertension or coronary heart disease; metabolic diseases such as diabetes or gout. The patient denies having infectious diseases like hepatitis, syphilis, or HIV. The patient denies having autoimmune diseases such as lupus, rheumatoid arthritis, or Hashimoto's thyroiditis. The patient denies having hormonal disorders like hyperthyroidism or hypothyroidism. The patient denies having renal system diseases. The patient denies having psychiatric disorders. The patient denies any allergies to penicillin or metals. The patient denies any history of medication use. The patient denies a history of smoking.","Tooth 13 shows a deep wedge-shaped groove at the cervical area with black caries extending 1mm subgingivally, reaching deep dentin; positive probing; positive cold test with prolonged pain; negative percussion. Generalized moderate gingival recession and bleeding on probing. Poor oral hygiene with a debris index (DI) of 1 and calculus index (Cl) of 1, indicating supragingival calculus covering less than 1/3 of the tooth surface, with detectable attachment loss and subgingival calculus. Bleeding index of 4, with gingival bleeding overflowing the sulcus, gingival redness, swelling, and loss of stippling."
620,0620-001,train,label_caries,1,caries,examination,DIRECT_POSITIVE_CANDIDATE,,"n point deviation. Normal labiomental fold. Teeth 14, 24, 34, 44 are missing; Teeth 36, 37, 47 have caries.",The patient reports misalignment of all teeth for several years.,"After the transition from primary to permanent teeth, the misalignment has progressively worsened, affecting both function and aesthetics.","No history of orthodontic treatment. The patient denies systemic diseases such as hypertension, diabetes, hepatitis, or tuberculosis.","1. Teeth and dental arch: Permanent dentition; Arch form: tapered and rounded; Crowding: severe. 2. Occlusion: Molar relationship: distal on both sides; Canine relationship: distal on both sides. Anterior overbite I; Anterior overjet I; Midline deviation to the right. 3. Other oral soft and hard tissues: Oral hygiene fair. Periodontal condition fair. High palatal vault. Normal labial and lingual frenulum attachment. Normal tongue. 4. Facial morphology: Asymmetry with straight profile. Chin point deviation. Normal labiomental fold. Teeth 14, 24, 34, 44 are missing; Teeth 36, 37, 47 have caries."
633,0633-001,train,label_caries,1,caries,examination,DIRECT_POSITIVE_CANDIDATE,,"Teeth 36 and 46: Occlusal pit and fissure caries with food debris accumulation, negative percussion. X-ray of tooth 36 shows deep shadow near pulp.",,,,"Teeth 36 and 46: Occlusal pit and fissure caries with food debris accumulation, negative percussion. X-ray of tooth 36 shows deep shadow near pulp."
645,0645-001,test,label_caries,1,caries,chief_complaint,DIRECT_POSITIVE_CANDIDATE,,The patient reports caries on both lower posterior teeth for several months.,The patient reports caries on both lower posterior teeth for several months.,The patient has been experiencing caries on both lower posterior teeth for several months.,"Denies systemic diseases. Denies recent travel to high-risk areas or contact with COVID-19 cases. Denies hypertension, heart disease, diabetes, and drug allergies.","Teeth 36 and 46 show extensive occlusal caries with distal gingival overgrowth, negative to probing and percussion; X-ray reveals deep shadows reaching the pulp chamber. Tooth 16 shows occlusal pit and fissure caries with black discoloration, negative to probing and percussion. Teeth 35 and 45 have malformed central cusps, sharp."
645,0645-001,test,label_caries,1,caries,present_illness,DIRECT_POSITIVE_CANDIDATE,,The patient has been experiencing caries on both lower posterior teeth for several months.,The patient reports caries on both lower posterior teeth for several months.,The patient has been experiencing caries on both lower posterior teeth for several months.,"Denies systemic diseases. Denies recent travel to high-risk areas or contact with COVID-19 cases. Denies hypertension, heart disease, diabetes, and drug allergies.","Teeth 36 and 46 show extensive occlusal caries with distal gingival overgrowth, negative to probing and percussion; X-ray reveals deep shadows reaching the pulp chamber. Tooth 16 shows occlusal pit and fissure caries with black discoloration, negative to probing and percussion. Teeth 35 and 45 have malformed central cusps, sharp."
645,0645-001,test,label_caries,1,caries,examination,DIRECT_POSITIVE_CANDIDATE,,"Teeth 36 and 46 show extensive occlusal caries with distal gingival overgrowth, negative to probing and percussion; X-ray reveals deep shadows rea",The patient reports caries on both lower posterior teeth for several months.,The patient has been experiencing caries on both lower posterior teeth for several months.,"Denies systemic diseases. Denies recent travel to high-risk areas or contact with COVID-19 cases. Denies hypertension, heart disease, diabetes, and drug allergies.","Teeth 36 and 46 show extensive occlusal caries with distal gingival overgrowth, negative to probing and percussion; X-ray reveals deep shadows reaching the pulp chamber. Tooth 16 shows occlusal pit and fissure caries with black discoloration, negative to probing and percussion. Teeth 35 and 45 have malformed central cusps, sharp."
645,0645-002,test,label_caries,1,caries,examination,DIRECT_POSITIVE_CANDIDATE,,Tooth 36 shows extensive occlusal caries with pulp hyperplasia and lingual gingival overgrowth covering the tooth margin; X-ray shows no per,The patient reports pressure-induced pain on the lower left posterior tooth for several days.,,,"Tooth 36 shows extensive occlusal caries with pulp hyperplasia and lingual gingival overgrowth covering the tooth margin; X-ray shows no periapical shadow. Tooth 46 has filling material in place, negative to percussion."
645,0645-003,test,label_caries,1,caries,examination,DIRECT_POSITIVE_CANDIDATE,,ow sharp conical protrusions on the buccal and lingual sides. Tooth 16 has occlusal pit and fissure caries with soft black discoloration. Tooth 26 shows occlusal groove pigmentation.,The patient returns for denture placement.,,,"Teeth 36 and 46 have filling material in place, negative to percussion. Teeth 35 and 45 show sharp conical protrusions on the buccal and lingual sides. Tooth 16 has occlusal pit and fissure caries with soft black discoloration. Tooth 26 shows occlusal groove pigmentation."
648,0648-001,train,label_caries,1,caries,examination,DIRECT_POSITIVE_CANDIDATE,,"Tooth 46: Buccal-occlusal caries extending to the superficial dentin layer, negative to probing and cold test; no mobility, normal g",The patient noticed discoloration of the lower right molar one month ago.,"One month ago, the patient observed the lower right molar turning black, without pain, seeking restoration.",Healthy. No significant medical history. Denies systemic diseases and drug allergies.,"Tooth 46: Buccal-occlusal caries extending to the superficial dentin layer, negative to probing and cold test; no mobility, normal gingiva. Teeth 16 and 36: Deep pits and fissures, no caries detected. [0][CD]: Mobility grade II, teeth 23 and 24 erupting buccally."
665,0665-001,train,label_tooth_loss,0,tooth loss,examination,DIRECT_POSITIVE_CANDIDATE,,d dental arch: Permanent dentition; arch form: maxillary arch is rounded; crowding: moderate; early tooth loss/retained primary teeth. 2. Occlusion: Molar relationship: Class II.,The patient reports misaligned and protrusive teeth for several years. Denies recent travel to high-risk areas or contact with COVID-19 cases.,,,1. Teeth and dental arch: Permanent dentition; arch form: maxillary arch is rounded; crowding: moderate; early tooth loss/retained primary teeth. 2. Occlusion: Molar relationship: Class II.
670,0670-002,test,label_tooth_loss,1,missing teeth,chief_complaint,DIRECT_POSITIVE_CANDIDATE,,The patient reports missing teeth for several months.,The patient reports missing teeth for several months.,"The patient has experienced missing teeth for several months, affecting eating, and seeks treatment.",The patient is generally healthy with no significant medical history or systemic conditions.,Teeth 46 and 47 are missing with well-healed gingiva and sufficient keratinized tissue. Oral hygiene is average. Normal mouth opening and temporomandibular joint function.
670,0670-002,test,label_tooth_loss,1,missing teeth,present_illness,DIRECT_POSITIVE_CANDIDATE,,"The patient has experienced missing teeth for several months, affecting eating, and seeks treatment.",The patient reports missing teeth for several months.,"The patient has experienced missing teeth for several months, affecting eating, and seeks treatment.",The patient is generally healthy with no significant medical history or systemic conditions.,Teeth 46 and 47 are missing with well-healed gingiva and sufficient keratinized tissue. Oral hygiene is average. Normal mouth opening and temporomandibular joint function.
675,0675-001,validation,label_caries,1,caries,examination,DIRECT_POSITIVE_CANDIDATE,,"carious lesions on proximal and cervical areas, probing to deep dentin. Tooth 26 has occlusal dark caries, probing to deep dentin, with dull cold test response, percussion sensitivity, and healthy gingiva.",The patient reports cavities in the posterior teeth on both sides for several days.,"The patient has noticed cavities in the posterior teeth on both sides for several days, affecting eating, and seeks treatment today.","The patient denies recent travel to high-risk areas, contact with COVID-19 cases, or systemic illnesses.","Teeth 12 and 13 have large dark carious lesions on proximal and cervical areas, probing to deep dentin. Tooth 26 has occlusal dark caries, probing to deep dentin, with dull cold test response, percussion sensitivity, and healthy gingiva. Teeth 14, 15, 23, 24, 44, and 45 have dark carious lesions at the cervical and proximal areas, probing to dentin. Teeth 17, 27, 28, and 48 are root remnants with gingival swelling."
678,0678-002,train,label_tooth_loss,1,edentulous,examination,DIRECT_POSITIVE_CANDIDATE,,Tooth 15: The edentulous ridge shows good gingival healing with adequate keratinized tissue and well-formed alveolar ridge w,The patient reports missing upper right posterior tooth for several months.,"The absence of the upper right posterior tooth has affected eating, prompting today's visit.","History of antihypertensive and antidiabetic medication use, denies drug allergies.","Tooth 15: The edentulous ridge shows good gingival healing with adequate keratinized tissue and well-formed alveolar ridge without significant depression. Occlusal-gingival distance is adequate. Oral hygiene is average, with normal mouth opening and temporomandibular joint movement."
699,0699-002,test,label_tooth_loss,1,missing teeth,chief_complaint,DIRECT_POSITIVE_CANDIDATE,,"The patient reports missing teeth for several months, affecting eating.","The patient reports missing teeth for several months, affecting eating.","The patient has been missing teeth for several months, impacting eating, and seeks treatment.",Healthy with no significant medical history or systemic diseases.,Teeth 46 and 47 are missing with well-healed gingiva and sufficient keratinized gingiva. General oral hygiene is fair. Normal mouth opening and temporomandibular joint movement.
699,0699-002,test,label_tooth_loss,1,missing teeth,present_illness,DIRECT_POSITIVE_CANDIDATE,,"The patient has been missing teeth for several months, impacting eating, and seeks treatment.","The patient reports missing teeth for several months, affecting eating.","The patient has been missing teeth for several months, impacting eating, and seeks treatment.",Healthy with no significant medical history or systemic diseases.,Teeth 46 and 47 are missing with well-healed gingiva and sufficient keratinized gingiva. General oral hygiene is fair. Normal mouth opening and temporomandibular joint movement.
764,0764-004,test,label_caries,1,caries,examination,DIRECT_POSITIVE_CANDIDATE,,"Teeth 17, 26, 27, 37, and 47 show carious lesions during the mixed dentition stage. Probing reveals caries extending to the shallow dentin layer. Cold test negative, percussion negative, and gingival color",Request for dental examination.,The child's guardian requests a dental examination.,Healthy with no significant medical history. Denies drug allergies.,"Teeth 17, 26, 27, 37, and 47 show carious lesions during the mixed dentition stage. Probing reveals caries extending to the shallow dentin layer. Cold test negative, percussion negative, and gingival color appears normal."
765,0765-001,train,label_caries,1,caries,examination,DIRECT_POSITIVE_CANDIDATE,,er anterior teeth. Mandibular arch is oval with midline deviation to the left by approximately 1mm. Caries on tooth 55. Oral hygiene is adequate. TMJ examination shows no significant abnormalities.,Anterior crossbite for over two years.,"The parent reports that since the eruption of primary teeth, the child has had an anterior crossbite for over two years and seeks improvement.",Healthy.,"Extraoral examination shows symmetrical facial features with a centered chin and balanced facial height. Profile view reveals a straight facial type. Intraoral examination shows primary dentition with molar relationships: right side Class III, left side Class I, with molar crossbite. Canine relationships: right side Class III, left side Class I. Anterior crossbite with reverse overjet. Maxillary arch is square-round with aligned midline and lingual inclination of upper anterior teeth. Mandibular arch is oval with midline deviation to the left by approximately 1mm. Caries on tooth 55. Oral hygiene is adequate. TMJ examination shows no significant abnormalities."
795,0795-002,train,label_caries,1,caries,examination,DIRECT_POSITIVE_CANDIDATE,,m to the right with spacing; teeth 11 and 21 have even incisal edges; teeth 34 and 44 have occlusal caries.,"No significant discomfort, continuing treatment today.",,,Tooth 41 is rotated; maxillary midline is deviated 2mm to the right with spacing; teeth 11 and 21 have even incisal edges; teeth 34 and 44 have occlusal caries.
797,0797-001,test,label_caries,1,caries,examination,DIRECT_POSITIVE_CANDIDATE,,"ld crowding in mandibular arch, square arch form, midline aligned, lingual inclination of tooth 47. Caries on tooth 17. Poor oral hygiene. TMJ examination: No significant abnormalities.",The patient reports dental crowding for several years.,"Post-exchange of teeth, the patient experienced crowding and protrusion of anterior teeth, seeking improvement.",Healthy.,"Extraoral frontal view: Symmetrical facial features, centered chin, proportional facial height. Profile view: Convex profile. Intraoral examination: Permanent dentition, molar relationship: Class I (17-47 locked occlusion), canine relationship: Right side Class II, left side Class I, Grade I deep overbite and overjet. Mild crowding in maxillary arch, square arch form, midline aligned, proclined maxillary incisors. Mild crowding in mandibular arch, square arch form, midline aligned, lingual inclination of tooth 47. Caries on tooth 17. Poor oral hygiene. TMJ examination: No significant abnormalities."
816,0816-001,test,label_tooth_loss,0,missing tooth,examination,DIRECT_POSITIVE_CANDIDATE,,"ch, midline deviation to the right by approximately 2mm, lingual inclination of lower incisors, and missing tooth 36. Multiple carious teeth noted. Oral hygiene is good. TMJ examination shows no significant abnorm",The patient reports misalignment of teeth persisting for several years.,"Post-exfoliation, the patient has experienced crowding of teeth for several years and seeks improvement.",Healthy. The patient reports extraction of the lower left molar at an external clinic approximately one week ago.,"Facial symmetry is observed with a centered chin and harmonious facial height proportions. Profile view shows a straight facial profile. Intraoral examination reveals permanent dentition, molar relationship: Class I, canine relationship: Class I on both sides, Grade I deep overbite. Moderate crowding in the maxillary arch with an oval-shaped arch and aligned midline; labial displacement of teeth 13 and 23. Moderate crowding in the mandibular arch with an oval-shaped arch, midline deviation to the right by approximately 2mm, lingual inclination of lower incisors, and missing tooth 36. Multiple carious teeth noted. Oral hygiene is good. TMJ examination shows no significant abnormalities."
819,0819-004,train,label_caries,1,caries,examination,DIRECT_POSITIVE_CANDIDATE,,"Teeth 26 and 36 have occlusal caries extending to superficial dentin, negative probing, cold test negative, no mobility, normal gingiva.",Patient noticed discoloration in left posterior tooth one month ago.,"One month ago, discoloration was noticed in the left posterior tooth, no pain, seeking restoration.",Healthy. No special conditions. Denies systemic diseases.,"Teeth 26 and 36 have occlusal caries extending to superficial dentin, negative probing, cold test negative, no mobility, normal gingiva. Tooth 27 has occlusal caries extending to deep dentin, negative probing and percussion, no mobility, cold test ±, normal gingiva."
830,0830-003,train,label_caries,1,caries,examination,DIRECT_POSITIVE_CANDIDATE,,"Teeth 11, 21, and 22 show caries with soft texture, probing catches, negative cold test, negative percussion, and normal gingival co",Request for oral examination.,The child's guardian requested an oral examination.,Healthy with no special conditions. Denies drug allergies.,"Teeth 11, 21, and 22 show caries with soft texture, probing catches, negative cold test, negative percussion, and normal gingival color."
858,0858-001,train,label_caries,1,caries,examination,DIRECT_POSITIVE_CANDIDATE,,"deviation. Deep mentolabial sulcus. Teeth 11, 21, 36, 46 show demineralization and mandibular fossa caries; [CD], distal caries on tooth 74, early loss of primary tooth 73.",The patient reports misalignment of all teeth for several years.,"Post-exfoliation of primary teeth, the misalignment has progressively worsened, affecting both function and aesthetics.","No previous orthodontic treatment. The patient reports no systemic diseases such as hypertension or diabetes, and no infectious diseases like hepatitis or tuberculosis.","1. Teeth and dental arches: Mixed dentition phase; arch form: maxillary rounded, mandibular square-rounded; moderate crowding; enamel hypoplasia. Maxillary anterior teeth are labially inclined. 2. Occlusion: Molar relationship: neutral on both sides; canine relationship: distal on both sides. Normal overbite; Class II overjet; maxillary midline normal, mandibular midline deviates to the left. 3. Other oral soft and hard tissues: Oral hygiene is moderate. Periodontal status is moderate. Palate is not high-arched. Normal frenulum attachments. Normal tongue and tongue body. 4. Facial morphology and others: Facial asymmetry. Convex profile. Chin point deviation. Deep mentolabial sulcus. Teeth 11, 21, 36, 46 show demineralization and mandibular fossa caries; [CD], distal caries on tooth 74, early loss of primary tooth 73."
865,0865-001,validation,label_caries,1,caries,examination,DIRECT_POSITIVE_CANDIDATE,,"eeth 14, 24, 35, and 45 exhibit crowding with no gingival inflammation. Teeth 46 and 47 have buccal caries with acid probing.",,,,"Teeth 14, 24, 35, and 45 exhibit crowding with no gingival inflammation. Teeth 46 and 47 have buccal caries with acid probing."
882,0882-001,train,label_caries,1,caries,examination,DIRECT_POSITIVE_CANDIDATE,,"abial fold. Missing teeth: 36, 37. Teeth 11, 12, 14, 16, 17, 24, 25 have occlusal discoloration and caries.",The patient reports misalignment of teeth throughout the mouth for several years.,"Post-exfoliation, the degree of dental misalignment has progressively worsened, affecting function and aesthetics.","No previous orthodontic treatment. Denies systemic diseases such as hypertension and diabetes, and infectious diseases like hepatitis and tuberculosis.","1. Teeth and dental arch: Permanent dentition; arch shape: maxillary round, mandibular ovoid; crowding: moderate. 2. Occlusion: Molar relationship: distal on both sides; canine relationship: distal on both sides. Anterior overbite: Class II. Anterior overjet: normal. Maxillary midline deviates to the right, mandibular midline to the left. 3. Other oral soft and hard tissues: Poor oral hygiene. Periodontal condition: moderate. High palatal vault. Normal labial and lingual frenulum. Normal tongue. 4. Facial morphology: Asymmetrical face. Profile: straight. Chin point deviation. Normal mentolabial fold. Missing teeth: 36, 37. Teeth 11, 12, 14, 16, 17, 24, 25 have occlusal discoloration and caries."
882,0882-001,train,label_tooth_loss,0,missing teeth,examination,DIRECT_POSITIVE_CANDIDATE,,"al morphology: Asymmetrical face. Profile: straight. Chin point deviation. Normal mentolabial fold. Missing teeth: 36, 37. Teeth 11, 12, 14, 16, 17, 24, 25 have occlusal discoloration and caries.",The patient reports misalignment of teeth throughout the mouth for several years.,"Post-exfoliation, the degree of dental misalignment has progressively worsened, affecting function and aesthetics.","No previous orthodontic treatment. Denies systemic diseases such as hypertension and diabetes, and infectious diseases like hepatitis and tuberculosis.","1. Teeth and dental arch: Permanent dentition; arch shape: maxillary round, mandibular ovoid; crowding: moderate. 2. Occlusion: Molar relationship: distal on both sides; canine relationship: distal on both sides. Anterior overbite: Class II. Anterior overjet: normal. Maxillary midline deviates to the right, mandibular midline to the left. 3. Other oral soft and hard tissues: Poor oral hygiene. Periodontal condition: moderate. High palatal vault. Normal labial and lingual frenulum. Normal tongue. 4. Facial morphology: Asymmetrical face. Profile: straight. Chin point deviation. Normal mentolabial fold. Missing teeth: 36, 37. Teeth 11, 12, 14, 16, 17, 24, 25 have occlusal discoloration and caries."
894,0894-003,train,label_caries,1,caries,examination,DIRECT_POSITIVE_CANDIDATE,,"e left, no excess spacing. Teeth 12 and 22 have palatal grooves. Teeth 26 and 27 have interproximal caries. Tooth 47 shows occlusal fissure staining and calculus.","The patient has been undergoing orthodontic treatment for 26 months with satisfactory results, continuing treatment today.",Orthodontic treatment for 26 months with satisfactory results.,,"Teeth are well-aligned with 2mm overbite and 1.5mm overjet. Upper midline aligned, lower midline deviated to the left, no excess spacing. Teeth 12 and 22 have palatal grooves. Teeth 26 and 27 have interproximal caries. Tooth 47 shows occlusal fissure staining and calculus."
900,0900-001,test,label_tooth_loss,0,missing teeth,examination,DIRECT_POSITIVE_CANDIDATE,,"l morphology: Asymmetrical face. Straight profile. Chin point deviation. Normal labiomental groove. Missing teeth: 14, 24, 34, 44. Carious lesions on teeth 36, 37, 47.",The patient reports misalignment of all teeth for several years.,"Post-exfoliation of primary teeth, the misalignment has progressively worsened, affecting function and aesthetics.","No previous orthodontic treatment. The patient reports no systemic diseases such as hypertension, diabetes, hepatitis, or tuberculosis.","1. Teeth and arches: Mixed dentition; arch form: tapered; severe crowding. 2. Occlusion: Molar relationship: distal on both sides; canine relationship: distal on both sides. Anterior overbite: deep; anterior overjet: deep; midline deviation to the right. 3. Other oral soft and hard tissues: Oral hygiene and periodontal status are moderate. High palatal vault. Normal labial and lingual frenulum. Normal tongue. 4. Facial morphology: Asymmetrical face. Straight profile. Chin point deviation. Normal labiomental groove. Missing teeth: 14, 24, 34, 44. Carious lesions on teeth 36, 37, 47."
910,0910-002,train,label_caries,1,caries,examination,DIRECT_POSITIVE_CANDIDATE,,"45 show dental crowding and Angle's Class II molar relationship; teeth 16, 26, 36, 46 have occlusal caries with dark discoloration, currently asymptomatic.","Referred for orthodontic treatment, requesting extractions and restorations.",,,"Teeth 14, 24, 35, 45 show dental crowding and Angle's Class II molar relationship; teeth 16, 26, 36, 46 have occlusal caries with dark discoloration, currently asymptomatic."
918,0918-002,train,label_caries,1,caries,chief_complaint,DIRECT_POSITIVE_CANDIDATE,,The patient reports caries in the upper left posterior tooth for several days.,The patient reports caries in the upper left posterior tooth for several days.,,,"Tooth 26 shows mesial caries with soft, blackened dentin, and ink-stain-like changes, negative to probing and percussion. Tooth 36 has occlusal pit and fissure caries, negative to probing and percussion. Teeth 11, 12, 13, 21, 22, 23 show localized palatal demineralization."
918,0918-002,train,label_caries,1,caries,examination,DIRECT_POSITIVE_CANDIDATE,,"Tooth 26 shows mesial caries with soft, blackened dentin, and ink-stain-like changes, negative to probing and percussion. Tooth",The patient reports caries in the upper left posterior tooth for several days.,,,"Tooth 26 shows mesial caries with soft, blackened dentin, and ink-stain-like changes, negative to probing and percussion. Tooth 36 has occlusal pit and fissure caries, negative to probing and percussion. Teeth 11, 12, 13, 21, 22, 23 show localized palatal demineralization."
921,0921-002,train,label_tooth_loss,0,tooth loss,examination,DIRECT_POSITIVE_CANDIDATE,,"sent. Concave profile. Shallow labiomental groove. Teeth 11, 21, 31, 32, 41, 42 in crossbite. Early tooth loss.",The patient reports feeling that their teeth have been misaligned for several years.,"Post-exfoliation of primary teeth, the misalignment of teeth has progressively worsened, affecting both function and aesthetics.","No previous orthodontic treatment. The patient denies systemic diseases such as hypertension and diabetes, and infectious diseases like hepatitis and tuberculosis.","1. Teeth and dental arch: Mixed dentition; arch form: ovoid; mild crowding; midline deviation to the left. 3. Other oral soft and hard tissues: Good oral hygiene. Periodontal status is moderate. Normal labial and lingual frenulum attachment. Normal tongue. Post-surgical cleft lip and palate. 4. Facial morphology: Asymmetry present. Concave profile. Shallow labiomental groove. Teeth 11, 21, 31, 32, 41, 42 in crossbite. Early tooth loss."
942,0942-002,train,label_caries,1,caries,examination,DIRECT_POSITIVE_CANDIDATE,,"erupted normally with deep pits and fissures and surface staining. Teeth 36 and 46 show buccal pit caries with sensitivity on probing, but no percussion pain.",,,,"Teeth 16, 26, 36, and 46 have erupted normally with deep pits and fissures and surface staining. Teeth 36 and 46 show buccal pit caries with sensitivity on probing, but no percussion pain."
956,0956-002,train,label_caries,1,caries,examination,DIRECT_POSITIVE_CANDIDATE,,"xial misalignment and crowding, with spacing in both arches. Teeth 11, 21, 27, and 36 have proximal caries and buccal groove decay.","The patient has been in orthodontic treatment for 65 months with no significant discomfort, continuing treatment today.",Fine-tuning of maxillary and mandibular alignment.,,"Teeth 41 and 42 show axial misalignment and crowding, with spacing in both arches. Teeth 11, 21, 27, and 36 have proximal caries and buccal groove decay."
1006,1006-001,validation,label_caries,1,caries,examination,DIRECT_POSITIVE_CANDIDATE,,"Tooth 16: Large mesial occlusal defect with caries extending subgingivally, fiber post in the root canal, negative percussion and gingival tests, no m",The patient reports a decayed upper right posterior tooth for one month.,"Several years ago, the patient underwent root canal treatment and resin filling at an external clinic. One month ago, part of the resin fell out, leading to a tooth structure defect and affecting eating.",The patient is generally healthy with no systemic diseases or drug allergies.,"Tooth 16: Large mesial occlusal defect with caries extending subgingivally, fiber post in the root canal, negative percussion and gingival tests, no mobility. The patient reports gingival inflammation one week ago. Teeth 26 and 27: Not erupted, thick gingiva."
1010,1010-001,train,label_caries,1,caries,examination,DIRECT_POSITIVE_CANDIDATE,,"E][C][C]: Carious teeth with black, soft tissue and food debris in cavities. [ED]: Occlusal fissure caries, negative probing. [ED][DE]: Residual crowns. Teeth 31, 32, 41, 42: Mixed dentition with anterior c",,,,"[C][CDE][C][C]: Carious teeth with black, soft tissue and food debris in cavities. [ED]: Occlusal fissure caries, negative probing. [ED][DE]: Residual crowns. Teeth 31, 32, 41, 42: Mixed dentition with anterior crossbite."
1033,1033-002,train,label_caries,1,caries,examination,DIRECT_POSITIVE_CANDIDATE,,"esial inclination of the successor permanent tooth. Tooth 37 presents with occlusal pit and fissure caries, negative to probing and percussion, with deep shadow on X-ray not reaching the pulp chamber. Gener",Orthodontic referral for extraction of the upper right posterior tooth.,Referred by orthodontist for extraction of the upper right posterior tooth.,"Denies systemic diseases, hypertension, heart disease, diabetes, drug allergies, and significant family medical history.","Tooth [E] exhibits grade I mobility. X-ray shows mesial inclination of the successor permanent tooth. Tooth 37 presents with occlusal pit and fissure caries, negative to probing and percussion, with deep shadow on X-ray not reaching the pulp chamber. Generalized calculus with grade II severity."
1074,1074-001,train,label_caries,1,caries,examination,DIRECT_POSITIVE_CANDIDATE,,"rm; tooth 42 lingual-palatal; tooth 21 distally inclined, flared; teeth 11, 12, 21 spaced; [0][DE], caries; dental arch type: mixed; anterior overbite: Class III; anterior overjet: Class I; maxillary and ma",,,,"[6C][C][6C][C], neutral; teeth 26, 36 distal; [6EDC21][12CDE6][6EDC21][12CDE6], dental arch form; tooth 42 lingual-palatal; tooth 21 distally inclined, flared; teeth 11, 12, 21 spaced; [0][DE], caries; dental arch type: mixed; anterior overbite: Class III; anterior overjet: Class I; maxillary and mandibular arch forms: ovoid; palatal morphology: normal; frenulum attachments: normal; oral hygiene: average; tongue: no obvious abnormalities; speech: no obvious abnormalities; midline: mandibular normal; jaw: maxillary protrusion, mandibular normal; alveolar ridge: maxillary and mandibular full; face: symmetrical; profile: convex; face height: normal; nasolabial groove: shallow; mentolabial groove: shallow; lip-tooth relationship: normal; lips: full; temporomandibular joint: mouth opening three fingers, opening pattern normal, no clicking; oral commissure line: straight."
1084,1084-001,train,label_tooth_loss,0,missing teeth,examination,DIRECT_POSITIVE_CANDIDATE,,"ue body. 4. Facial form and others: Facial asymmetry. Straight profile. Shallow mentolabial sulcus. Missing teeth 16, 37, 46. Buccal position of teeth 13, 23.",The patient perceives misalignment of all teeth for several years.,"Post-exfoliation, the degree of dental misalignment has progressively worsened, affecting function and aesthetics.","No history of orthodontic treatment. The patient reports no systemic diseases such as hypertension or diabetes, and no infectious diseases like hepatitis or tuberculosis.","1. Teeth and dental arch: Permanent dentition; arch form: oval; crowding: severe. Proclined upper incisors. 2. Occlusion: Mild distal molar relationship. Anterior overbite I0; anterior overjet I0; normal midline. 3. Other oral soft and hard tissues: Moderate oral hygiene and periodontal condition. Normal labial and lingual frenulum attachment. Normal tongue and tongue body. 4. Facial form and others: Facial asymmetry. Straight profile. Shallow mentolabial sulcus. Missing teeth 16, 37, 46. Buccal position of teeth 13, 23."
1122,1122-001,test,label_caries,1,caries,examination,DIRECT_POSITIVE_CANDIDATE,,"Tooth 48 exhibits mesial caries, percussion sensitivity (±), no gingival inflammation, and pain on cold testing.",The patient reports pain in the lower right posterior tooth for several days.,The patient has experienced pain in the lower right posterior tooth for several days and is seeking treatment.,,"Tooth 48 exhibits mesial caries, percussion sensitivity (±), no gingival inflammation, and pain on cold testing."
1123,1123-002,train,label_caries,1,caries,examination,DIRECT_POSITIVE_CANDIDATE,,"or gingival inflammation, temporarily sealed. Tooth 34 is rotated and buccally displaced with deep caries reaching the dentin. Tooth 33 has deep caries reaching deep dentin with cold sensitivity.","The patient is undergoing treatment for the upper right anterior tooth, continuing today after two weeks.",The patient has been receiving treatment for the upper right anterior tooth for two weeks without discomfort and is continuing treatment today.,,"Tooth 12 shows no percussion or gingival inflammation, temporarily sealed. Tooth 34 is rotated and buccally displaced with deep caries reaching the dentin. Tooth 33 has deep caries reaching deep dentin with cold sensitivity."
1135,1135-001,validation,label_caries,1,caries,examination,DIRECT_POSITIVE_CANDIDATE,,"Tooth 45 shows significant loss of distal occlusal filling material with evident secondary caries, probing near the pulp.",The patient reports dislodgement of the original filling material in the lower right posterior tooth for several days.,"The patient experienced dislodgement of the original filling material in the lower right posterior tooth a few days ago, with sensitivity to cold.",No significant findings.,"Tooth 45 shows significant loss of distal occlusal filling material with evident secondary caries, probing near the pulp."
1137,1137-001,validation,label_tooth_loss,0,missing teeth,examination,DIRECT_POSITIVE_CANDIDATE,,"hology and others: Facial asymmetry with chin deviation. Straight profile. Normal mentolabial fold. Missing teeth: 14, 24, 34, 44. Carious teeth: 36, 37, 47.",The patient reports misalignment of teeth throughout the mouth for several years.,"Following the mixed dentition phase, the misalignment of teeth has progressively worsened, affecting both function and aesthetics.","No previous orthodontic treatment. The patient reports no systemic diseases such as hypertension or diabetes, and no infectious diseases like hepatitis or tuberculosis.","1. Teeth and dental arches: Mixed/permanent dentition; Arch form: tapered; Crowding: severe. 2. Occlusion: Molar relationship: distal on both sides; Canine relationship: distal on both sides. Anterior overbite: I; Anterior overjet: I; Midline deviation to the right. 3. Other oral soft and hard tissues: Oral hygiene is moderate. Periodontal status is moderate. High palatal vault. Normal labial and lingual frenulum attachments. Normal tongue. 4. Facial morphology and others: Facial asymmetry with chin deviation. Straight profile. Normal mentolabial fold. Missing teeth: 14, 24, 34, 44. Carious teeth: 36, 37, 47."
1140,1140-002,train,label_caries,1,caries,examination,DIRECT_POSITIVE_CANDIDATE,,Tooth 37 shows distal occlusal caries with gingival flap extending over the distal marginal ridge. Mesial occlusal filling is intact. Too,Referred from orthodontics for dental fillings.,Referred from orthodontics with carious lesions requiring fillings.,No significant medical history.,Tooth 37 shows distal occlusal caries with gingival flap extending over the distal marginal ridge. Mesial occlusal filling is intact. Tooth 27 has intact mesial occlusal filling with distal occlusal pit and buccal discoloration. Both teeth show no response to cold testing or percussion.
1167,1167-001,train,label_tooth_loss,0,missing teeth,examination,DIRECT_POSITIVE_CANDIDATE,,"ongue. 4. Facial morphology: Asymmetrical face with a straight profile and deep mentolabial sulcus. Missing teeth: 24, 36, 46.",The patient reports misalignment of teeth for several years.,"Following the transition from primary to permanent dentition, the misalignment has progressively worsened, affecting function and aesthetics.","No previous orthodontic treatment. The patient reports no systemic diseases such as hypertension or diabetes, and no infectious diseases like hepatitis or tuberculosis.","1. Teeth and dental arch: Permanent dentition; arch form: oval; mild crowding. 2. Occlusion: Molar relationship: mild distal; anterior teeth: shallow overbite and overjet; midline deviation to the right. 3. Other oral soft and hard tissues: Oral hygiene and periodontal status are average. Normal frenulum attachments and tongue. 4. Facial morphology: Asymmetrical face with a straight profile and deep mentolabial sulcus. Missing teeth: 24, 36, 46."
1167,1167-002,train,label_caries,1,caries,chief_complaint,DIRECT_POSITIVE_CANDIDATE,,The patient reports dental caries for several years.,The patient reports dental caries for several years.,"The patient has had dental caries for several years, affecting chewing.",No significant medical history.,"Teeth 14, 26, 27, and 36 present as root remnants. Gingiva appears normal without redness or swelling."
1167,1167-002,train,label_caries,1,caries,present_illness,DIRECT_POSITIVE_CANDIDATE,,"The patient has had dental caries for several years, affecting chewing.",The patient reports dental caries for several years.,"The patient has had dental caries for several years, affecting chewing.",No significant medical history.,"Teeth 14, 26, 27, and 36 present as root remnants. Gingiva appears normal without redness or swelling."
1167,1167-002,train,label_caries,1,dental caries,chief_complaint,DIRECT_POSITIVE_CANDIDATE,,The patient reports dental caries for several years.,The patient reports dental caries for several years.,"The patient has had dental caries for several years, affecting chewing.",No significant medical history.,"Teeth 14, 26, 27, and 36 present as root remnants. Gingiva appears normal without redness or swelling."
1167,1167-002,train,label_caries,1,dental caries,present_illness,DIRECT_POSITIVE_CANDIDATE,,"The patient has had dental caries for several years, affecting chewing.",The patient reports dental caries for several years.,"The patient has had dental caries for several years, affecting chewing.",No significant medical history.,"Teeth 14, 26, 27, and 36 present as root remnants. Gingiva appears normal without redness or swelling."
1196,1196-001,train,label_caries,1,caries,examination,DIRECT_POSITIVE_CANDIDATE,,"ace, attachment loss, and subgingival calculus detected. X-rays show mild alveolar bone resorption. Caries present on upper left 2, upper left 6, and lower right 6.",The patient reports tooth mobility and shifting throughout the mouth for several months.,"The patient has noticed gradual tooth mobility and shifting for several months, with bleeding during brushing but no significant pain.","The patient denies a history of cardiovascular diseases such as hypertension or coronary heart disease, metabolic diseases such as diabetes or gout, infectious diseases such as hepatitis, syphilis, or HIV, autoimmune diseases such as lupus or rheumatoid arthritis, hormonal disorders such as hyperthyroidism or hypothyroidism, renal diseases, mental disorders, or allergies to penicillin or metals. The patient also denies any history of medication use.","Generalized moderate to severe gingival recession with easy bleeding on probing. Mobility grade 1, periodontal pockets with a depth of 5mm detected. General oral hygiene is average; debris index (DI): 1, calculus index (Cl): 1 indicating supragingival calculus covering less than 1/3 of the tooth surface, attachment loss, and subgingival calculus detected. X-rays show mild alveolar bone resorption. Caries present on upper left 2, upper left 6, and lower right 6."
1199,1199-001,train,label_tooth_loss,0,missing teeth,present_illness,DIRECT_POSITIVE_CANDIDATE,,"The patient describes multiple missing teeth over the years, with increasing tooth mobility and displacement, bleeding during brushing, but no s",The patient reports multiple teeth have been loose and missing for several years.,"The patient describes multiple missing teeth over the years, with increasing tooth mobility and displacement, bleeding during brushing, but no significant pain.","The patient takes daily antidiabetic medication. Denies hypertension, heart disease, drug allergies, family history of special diseases, genetic disorders, and infectious diseases.","Gingival bleeding has improved, but teeth 21, 22, 23, and 25 show bright red, soft, and unformed soft tissues. Debris Index (DI): 1, Calculus Index (Cl): 1 indicating supragingival calculus covering less than 1/3 of the tooth surface, with detectable attachment loss and subgingival calculus. Bleeding Index: 4, indicating profuse bleeding filling and overflowing the gingival sulcus upon probing. Teeth 16, 27, 31, 32, 34, 35, 36, 37, 41, 42, 46, and 47 are missing. Teeth 13, 14, 17, 24, and 26 show Grade III mobility. Remaining mandibular teeth also show Grade III mobility."
1224,1224-001,train,label_tooth_loss,0,missing tooth,examination,DIRECT_POSITIVE_CANDIDATE,,enulum. 4. Facial morphology and others: Facial asymmetry. Convex profile. Deep mentolabial sulcus. Missing tooth 47.,The patient reports misalignment of teeth throughout the mouth for several years.,"Post-exfoliation of primary teeth, the misalignment of teeth has progressively worsened, affecting function and aesthetics.","No history of orthodontic treatment. The patient reports no systemic diseases such as hypertension, diabetes, or infectious diseases like hepatitis or tuberculosis.","1. Teeth and dental arch: Permanent dentition; arch form: ovoid; crowding: moderate. Maxillary anterior teeth are lingually inclined. 2. Occlusion: Molar relationship: neutral. Anterior overbite: Class II, normal overjet, midline deviation to the right. 3. Other oral soft and hard tissues: Oral hygiene is average. Periodontal status is average. Normal frenulum attachments. Normal tongue and lingual frenulum. 4. Facial morphology and others: Facial asymmetry. Convex profile. Deep mentolabial sulcus. Missing tooth 47."
1240,1240-003,train,label_caries,1,caries,examination,DIRECT_POSITIVE_CANDIDATE,,"Tooth 37 shows occlusal caries, negative percussion, normal gingiva, and normal cold test response.",Referred from orthodontics for dental restoration.,"Referred from orthodontics, seeking dental restoration.",,"Tooth 37 shows occlusal caries, negative percussion, normal gingiva, and normal cold test response."
1252,1252-001,train,label_caries,1,caries,examination,DIRECT_POSITIVE_CANDIDATE,,"Tooth 28 shows caries, percussion sensitivity is variable, cold test is positive, and gingiva is healthy.",The patient reports discomfort in the upper left posterior tooth for several days.,The patient has experienced discomfort in the upper left posterior tooth for several days and seeks treatment.,No significant medical history.,"Tooth 28 shows caries, percussion sensitivity is variable, cold test is positive, and gingiva is healthy."
1255,1255-003,train,label_caries,1,caries,examination,DIRECT_POSITIVE_CANDIDATE,,"Teeth 37 and 47 have crown caries, pain on probing, sensitivity to thermal stimuli, negative percussion, and no mobility. Teeth 17 an",The patient reports discomfort in bilateral teeth for several days.,The patient has experienced bilateral tooth discomfort for several days and seeks treatment.,"Healthy. Denies systemic conditions, drug allergies, recent travel to high-risk areas, or contact with COVID-19 cases.","Teeth 37 and 47 have crown caries, pain on probing, sensitivity to thermal stimuli, negative percussion, and no mobility. Teeth 17 and 46 have crown caries, no thermal sensitivity, negative percussion, and no mobility."
1267,1267-001,train,label_caries,1,caries,examination,DIRECT_POSITIVE_CANDIDATE,,"o percussion pain, gingival inflammation, or mobility. Tooth 18 is buccally displaced with occlusal caries. Tooth 16 has a fractured enamel–dentin area with exposed dentin, negative cold and percussion test",The patient reports recurrent food impaction around the lower right posterior tooth for several years.,"Over the past few years, the patient has experienced repeated food trapping at the site of tooth 48, prompting today’s evaluation.","The patient denies any recent travel to high-risk areas, contact with COVID-19 cases, or systemic illnesses.","Tooth 48 shows mesial impaction with carious lesions on contacting surfaces. Tooth 47 has a distal carious defect with cold sensitivity but no percussion pain, gingival inflammation, or mobility. Tooth 18 is buccally displaced with occlusal caries. Tooth 16 has a fractured enamel–dentin area with exposed dentin, negative cold and percussion tests, healthy gingiva, and no mobility."
1299,1299-001,train,label_caries,1,caries,examination,DIRECT_POSITIVE_CANDIDATE,,"alatal cusp at the gingival level, with mesial occlusal resin filling and distal occlusal secondary caries, negative to cold and percussion tests, and no mobility. Tooth 26 has a large mesial occlusal amalg",The patient reports a fracture in the upper left posterior tooth for one week.,"The patient had a previous filling in an external clinic years ago, and the tooth fractured one week ago, affecting eating.",The patient is generally healthy with no systemic diseases or drug allergies.,"Tooth 25 shows partial fracture of the palatal cusp at the gingival level, with mesial occlusal resin filling and distal occlusal secondary caries, negative to cold and percussion tests, and no mobility. Tooth 26 has a large mesial occlusal amalgam filling with secondary caries at the mesial margin, negative to cold and percussion tests, gingival recession to the root neck, and no mobility. Tooth 24 has dark caries on the distal cervical area, negative to cold and percussion tests, and no mobility."
1317,1317-002,train,label_caries,1,caries,examination,DIRECT_POSITIVE_CANDIDATE,,"Teeth 11 and 21 show mesial caries, percussion negative, gingiva normal, cold test normal. Teeth 24 and 34 show crowding, intact struc",Referred from orthodontics for dental restoration.,Referred from orthodontics for dental restoration.,,"Teeth 11 and 21 show mesial caries, percussion negative, gingiva normal, cold test normal. Teeth 24 and 34 show crowding, intact structure, gingiva normal."
1321,1321-003,train,label_caries,1,caries,examination,DIRECT_POSITIVE_CANDIDATE,,"Teeth [3B][2B7O][0][7O] exhibit caries reaching mid-dentin, negative to probing and cold tests, no mobility, and healthy gingiva.",The patient noticed darkening of posterior teeth on both sides one month ago.,"Darkening of posterior teeth was observed one month ago without pain, seeking restoration.",Healthy with no significant medical history. Denies systemic diseases and drug allergies.,"Teeth [3B][2B7O][0][7O] exhibit caries reaching mid-dentin, negative to probing and cold tests, no mobility, and healthy gingiva."
1326,1326-002,train,label_caries,1,caries,examination,DIRECT_POSITIVE_CANDIDATE,,"Tooth 46 presents with deep occlusal caries, positive to probing, slight percussion sensitivity, positive cold test, no mobility, and normal gi",The patient reports pain upon chewing on the lower right posterior tooth for several months.,"The patient has experienced pain triggered by chewing on the lower right posterior tooth for several months, without spontaneous pain.","The patient denies any systemic diseases, infectious diseases, or drug allergies.","Tooth 46 presents with deep occlusal caries, positive to probing, slight percussion sensitivity, positive cold test, no mobility, and normal gingiva. Tooth 36 shows occlusal caries reaching the middle dentin layer, negative to probing, percussion, and mobility, with a variable cold test and normal gingiva."
1368,1368-001,train,label_caries,1,caries,examination,DIRECT_POSITIVE_CANDIDATE,,try. Profile: convex. Chin deviation. Normal philtrum. Tooth 36 is an implant. Teeth 18 and 28 have caries.,The patient reports misalignment of teeth throughout the mouth for several years.,"Post-exfoliation of primary teeth, the misalignment of teeth has progressively worsened, affecting both function and aesthetics.","No previous orthodontic treatment. The patient reports no systemic diseases such as hypertension or diabetes, nor infectious diseases like hepatitis or tuberculosis.",1. Teeth and dental arches: Permanent dentition; arch form: square-round; mild crowding. 2. Occlusion: Molar relationship: neutral on both sides. Anterior overbite and overjet are normal; no anterior open bite. 3. Other oral soft and hard tissues: Good oral hygiene. Good periodontal condition. No high palatal vault. Normal labial and lingual frenum attachments. Normal tongue. 4. Facial morphology and others: Facial asymmetry. Profile: convex. Chin deviation. Normal philtrum. Tooth 36 is an implant. Teeth 18 and 28 have caries.
1368,1368-002,train,label_caries,1,caries,examination,DIRECT_POSITIVE_CANDIDATE,,"he lesion on tooth 47 is larger than half the buccolingual diameter, and tooth 18 has deep occlusal caries reaching the deep dentin.",The patient reports discoloration of the lower posterior teeth.,,,"Teeth 18, 34, 37, 46, and 47 exhibit brown cavitated lesions with soft dentin, extending into the dentin layer. The lesion on tooth 47 is larger than half the buccolingual diameter, and tooth 18 has deep occlusal caries reaching the deep dentin."
1376,1376-002,train,label_caries,1,caries,chief_complaint,DIRECT_POSITIVE_CANDIDATE,,The patient reports caries in the upper right posterior tooth for several days.,The patient reports caries in the upper right posterior tooth for several days.,"Caries was noticed in the upper right posterior tooth a few days ago, prompting today's visit.","Denies systemic diseases, hypertension, heart disease, diabetes, and drug allergies. No significant family medical history. No recent travel to high-risk areas or contact with COVID-19 cases.","Tooth [D][D][0][D] shows distal carious lesion with dark staining, negative to probing and percussion."
1376,1376-002,train,label_caries,1,caries,present_illness,DIRECT_POSITIVE_CANDIDATE,,"Caries was noticed in the upper right posterior tooth a few days ago, prompting today's visit.",The patient reports caries in the upper right posterior tooth for several days.,"Caries was noticed in the upper right posterior tooth a few days ago, prompting today's visit.","Denies systemic diseases, hypertension, heart disease, diabetes, and drug allergies. No significant family medical history. No recent travel to high-risk areas or contact with COVID-19 cases.","Tooth [D][D][0][D] shows distal carious lesion with dark staining, negative to probing and percussion."
1378,1378-002,train,label_caries,1,caries,examination,DIRECT_POSITIVE_CANDIDATE,,I mobility. X-ray shows mesial inclination of the successor permanent tooth. Tooth 37 has occlusal caries with negative probing and percussion; X-ray shows a deep shadow not reaching the pulp. Generalized,Orthodontic referral for extraction of the upper right posterior tooth.,Referred by orthodontist for extraction of the upper right posterior tooth.,"Denies systemic diseases, hypertension, heart disease, diabetes, drug allergies, and significant family medical history.","[E] tooth exhibits Grade I mobility. X-ray shows mesial inclination of the successor permanent tooth. Tooth 37 has occlusal caries with negative probing and percussion; X-ray shows a deep shadow not reaching the pulp. Generalized calculus, Grade II."
1397,1397-001,train,label_caries,1,caries,examination,DIRECT_POSITIVE_CANDIDATE,,"o percussion pain, gingival inflammation, or mobility. Tooth 18 is buccally displaced with occlusal caries. Tooth 16 has a fractured enamel–dentin area with exposed dentin, negative cold and percussion test",The patient reports recurrent food impaction around the lower right molar for several years.,"The patient has experienced repeated food trapping at the site of the lower right molar for several years, prompting today's evaluation.","The patient denies recent travel to high-risk areas, contact with COVID-19 cases, or systemic illnesses.","Tooth 48 shows mesial impaction with carious lesions on contacting surfaces. Tooth 47 has a distal carious defect with cold sensitivity but no percussion pain, gingival inflammation, or mobility. Tooth 18 is buccally displaced with occlusal caries. Tooth 16 has a fractured enamel–dentin area with exposed dentin, negative cold and percussion tests, healthy gingiva, and no mobility."
1397,1397-003,train,label_tooth_loss,0,tooth loss,chief_complaint,DIRECT_POSITIVE_CANDIDATE,,The patient reports partial tooth loss in the upper left posterior region.,The patient reports partial tooth loss in the upper left posterior region.,"Two days ago, the patient experienced partial tooth loss in the upper left posterior region after biting on a hard object. There is occasional sensitivity to acidic and sweet foods. Approximately 20 years ago, the tooth received a filling treatment at an external clinic, details unknown. No spontaneous pain or other significant discomfort. Presently seeking treatment at our clinic.","Generally healthy, denies systemic diseases, allergies, and previous dental treatments including fillings and restorations.","Tooth 26 exhibits extensive amalgam filling with marginal gaps, no probing pain, V-shaped cervical defect with sclerotic dentin, sensitive to probing, negative percussion, no mobility, and no obvious gingival abnormalities. Sensitive to thermal testing."
1397,1397-003,train,label_tooth_loss,0,tooth loss,present_illness,DIRECT_POSITIVE_CANDIDATE,,"Two days ago, the patient experienced partial tooth loss in the upper left posterior region after biting on a hard object. There is occasional sensitivity t",The patient reports partial tooth loss in the upper left posterior region.,"Two days ago, the patient experienced partial tooth loss in the upper left posterior region after biting on a hard object. There is occasional sensitivity to acidic and sweet foods. Approximately 20 years ago, the tooth received a filling treatment at an external clinic, details unknown. No spontaneous pain or other significant discomfort. Presently seeking treatment at our clinic.","Generally healthy, denies systemic diseases, allergies, and previous dental treatments including fillings and restorations.","Tooth 26 exhibits extensive amalgam filling with marginal gaps, no probing pain, V-shaped cervical defect with sclerotic dentin, sensitive to probing, negative percussion, no mobility, and no obvious gingival abnormalities. Sensitive to thermal testing."
1397,1397-006,train,label_caries,1,caries,examination,DIRECT_POSITIVE_CANDIDATE,,"Tooth 28 is buccally erupted with occlusal caries, negative percussion, no mobility, and no obvious gingival abnormalities.",Periodontal surgery consultation.,"The patient underwent basic periodontal treatment today and reports incomplete eruption of the upper right wisdom tooth with occasional cheek biting, requesting extraction.","Generally healthy, denies systemic diseases, allergies, and previous dental treatments including fillings, restorations, and extractions.","Tooth 28 is buccally erupted with occlusal caries, negative percussion, no mobility, and no obvious gingival abnormalities."
1413,1413-005,train,label_caries,1,caries,examination,DIRECT_POSITIVE_CANDIDATE,,"Teeth 16, 26, and 46 exhibit occlusal caries extending to the middle layer of dentin. Negative to probing, cold, and heat tests; negative percus","The patient reports dark discoloration of posterior teeth for several months, seeking treatment.","The patient has noticed darkening of posterior teeth for several months, affecting eating.",Healthy. Denies systemic diseases and drug allergies.,"Teeth 16, 26, and 46 exhibit occlusal caries extending to the middle layer of dentin. Negative to probing, cold, and heat tests; negative percussion."
1446,1446-001,train,label_caries,1,caries,examination,DIRECT_POSITIVE_CANDIDATE,,"17, 21, 46 show brown carious lesions, probe catches, reaching dentin. Teeth 22, 47 have extensive caries reaching deep dentin, sensitive to cold stimuli.","No significant discomfort, continuing treatment today.",,,"Teeth 11, 17, 21, 46 show brown carious lesions, probe catches, reaching dentin. Teeth 22, 47 have extensive caries reaching deep dentin, sensitive to cold stimuli."
1449,1449-001,train,label_caries,1,caries,examination,DIRECT_POSITIVE_CANDIDATE,,"maxilla, deep overjet, locked occlusion at teeth 17 and 47, distal cusp-to-cusp molar relationship; caries in the buccal grooves of teeth 36 and 46.",The patient seeks treatment for misaligned and protruding anterior teeth.,"Since the transition from primary to permanent teeth, the anterior teeth have been misaligned and protruding, prompting the need for orthodontic treatment.",Denies any systemic medical history.,"Misalignment of upper and lower dentition, deep overbite with lower teeth contacting the palatal gingiva of the maxilla, deep overjet, locked occlusion at teeth 17 and 47, distal cusp-to-cusp molar relationship; caries in the buccal grooves of teeth 36 and 46."
1456,1456-002,train,label_caries,1,caries,examination,DIRECT_POSITIVE_CANDIDATE,,"42, 43 exhibit protrusion and crowding without gingival inflammation. Teeth 16 and 36 show occlusal caries, with tooth 36 having caries extending to the deep dentin.",The patient reports misalignment of teeth for several years.,"Since the transition from primary to permanent teeth, the patient has experienced dental misalignment affecting aesthetics.",No significant medical history.,"Teeth 11, 12, 13, 21, 22, 23, 31, 32, 33, 41, 42, 43 exhibit protrusion and crowding without gingival inflammation. Teeth 16 and 36 show occlusal caries, with tooth 36 having caries extending to the deep dentin."
1457,1457-002,test,label_caries,1,caries,examination,DIRECT_POSITIVE_CANDIDATE,,"[D][E] teeth show mesial occlusal caries reaching the pulp chamber, sensitive to thermal stimuli, percussion negative. [E][0] tooth has mesi",The patient requests a dental examination.,The patient denies recent travel to high-risk areas or contact with COVID-19 cases. No recent exposure to febrile or respiratory illness.,Healthy with no significant medical history.,"[D][E] teeth show mesial occlusal caries reaching the pulp chamber, sensitive to thermal stimuli, percussion negative. [E][0] tooth has mesial occlusal caries extending to deep dentin, normal thermal response, percussion negative. Teeth 16 and 26 have deep pits and fissures, catching probe."
1471,1471-003,validation,label_caries,1,caries,examination,DIRECT_POSITIVE_CANDIDATE,,"Teeth [3B][2B7O][0][7O] show caries reaching the middle dentin layer, negative to probing and cold test, no mobility, and healthy gingi",The patient noticed darkening of posterior teeth on both sides one month ago.,"One month ago, the patient observed darkening of posterior teeth on both sides without pain and seeks restoration.",Healthy with no significant medical history or drug allergies.,"Teeth [3B][2B7O][0][7O] show caries reaching the middle dentin layer, negative to probing and cold test, no mobility, and healthy gingiva."
1505,1505-002,train,label_caries,1,caries,examination,DIRECT_POSITIVE_CANDIDATE,,"in. Teeth 14, 15, and 24 show similar interproximal changes. Teeth 16, 26, 37, and 47 have occlusal caries reaching dentin. Anterior crossbite noted.",The patient reports blackened carious lesions on the upper anterior teeth for several days.,"The patient noticed blackened carious lesions on the upper anterior teeth for several days, affecting aesthetics, prompting today's visit.",Healthy.,"Teeth 12 and 22 show extensive structural loss with brown carious lesions and pulp exposure, gingival overgrowth into cavities. Teeth 11 and 21 have interproximal discoloration reaching deep dentin. Teeth 14, 15, and 24 show similar interproximal changes. Teeth 16, 26, 37, and 47 have occlusal caries reaching dentin. Anterior crossbite noted."
1507,1507-001,train,label_caries,1,caries,examination,DIRECT_POSITIVE_CANDIDATE,,"how locked occlusion, molar relationship is distal cusp-to-cusp. Teeth 36 and 46 have buccal groove caries.",The patient seeks treatment for misaligned and protruding anterior teeth.,"Since the eruption of permanent teeth, the anterior teeth have been misaligned and protruding, prompting the desire for orthodontic correction.",Denies systemic diseases.,"Malalignment of both upper and lower arches with deep overbite; lower teeth contact the palatal gingiva of the maxilla, deep overjet. Teeth 17 and 47 show locked occlusion, molar relationship is distal cusp-to-cusp. Teeth 36 and 46 have buccal groove caries."
1513,1513-002,train,label_caries,1,caries,examination,DIRECT_POSITIVE_CANDIDATE,,"Tooth 37: Buccal cervical and occlusal caries with deep cavity at gingival level, negative to probing, positive to cold, negative to percussion,",The patient reports cold sensitivity in the lower left posterior tooth for several days.,,,"Tooth 37: Buccal cervical and occlusal caries with deep cavity at gingival level, negative to probing, positive to cold, negative to percussion, no mobility. Tooth 38: Occlusal pit and buccal cervical caries, negative to probing, positive to cold, negative to percussion, no mobility. Tooth 27: Occlusal pit caries, negative to probing, cold, percussion, and mobility. Teeth 14, 15, 24, 25: Distal and mesial proximal caries, deep cavities, negative to probing, cold sensitivity, negative to percussion, no mobility."
1536,1536-001,validation,label_tooth_loss,0,tooth loss,examination,DIRECT_POSITIVE_CANDIDATE,,al arches: Permanent dentition; arch form: maxillary pointed and rounded; crowding: moderate; early tooth loss/retained primary teeth. 2. Occlusion: Molar relationship: Class II.,The patient reports misaligned and protruding teeth for several years. Denies recent travel to high-risk areas or contact with COVID-19 cases.,,,1. Teeth and dental arches: Permanent dentition; arch form: maxillary pointed and rounded; crowding: moderate; early tooth loss/retained primary teeth. 2. Occlusion: Molar relationship: Class II.
1548,1548-005,train,label_caries,1,caries,examination,DIRECT_POSITIVE_CANDIDATE,,Spacing and minor misalignment present; tooth 27 has occlusal caries; lower anterior teeth have heavy calculus.,The patient is undergoing orthodontic treatment for 28 months with no significant discomfort and continues treatment today.,Dental arch fine-tuning in progress.,,Spacing and minor misalignment present; tooth 27 has occlusal caries; lower anterior teeth have heavy calculus.
1548,1548-006,train,label_caries,1,caries,present_illness,DIRECT_POSITIVE_CANDIDATE,,"During orthodontic follow-up, caries was detected on the upper left posterior tooth, prompting referral for restoration.",Referred from orthodontics for tooth restoration.,"During orthodontic follow-up, caries was detected on the upper left posterior tooth, prompting referral for restoration.",No significant history.,"Tooth 27 has dark occlusal caries, probe catches, negative cold test, and no percussion pain."
1548,1548-006,train,label_caries,1,caries,examination,DIRECT_POSITIVE_CANDIDATE,,"Tooth 27 has dark occlusal caries, probe catches, negative cold test, and no percussion pain.",Referred from orthodontics for tooth restoration.,"During orthodontic follow-up, caries was detected on the upper left posterior tooth, prompting referral for restoration.",No significant history.,"Tooth 27 has dark occlusal caries, probe catches, negative cold test, and no percussion pain."
1549,1549-001,train,label_tooth_loss,0,missing tooth,examination,DIRECT_POSITIVE_CANDIDATE,,ology. 4. Facial morphology and others: Facial asymmetry. Profile: convex. Deep mentolabial sulcus. Missing tooth 45. Crossbite on tooth 22.,The patient reports misalignment of all teeth for several years.,"Post-exfoliation, the misalignment of teeth has progressively worsened, affecting function and aesthetics.","No history of orthodontic treatment. The patient reports no systemic diseases such as hypertension or diabetes, nor infectious diseases like hepatitis or tuberculosis.",1. Teeth and arches: Permanent dentition; arch form: ovoid; crowding: moderate. 2. Occlusion: Molar relationship: mild mesial; canine relationship: mesial. Anterior overbite I0; overjet I0; midline deviation to the right. 3. Other oral soft and hard tissues: Oral hygiene is moderate. Periodontal status is moderate. Normal labial and lingual frenulum attachments. Normal tongue morphology. 4. Facial morphology and others: Facial asymmetry. Profile: convex. Deep mentolabial sulcus. Missing tooth 45. Crossbite on tooth 22.
1560,1560-001,train,label_caries,1,caries,examination,DIRECT_POSITIVE_CANDIDATE,,"Tooth 46: Buccal and occlusal caries extending to superficial dentin, negative to probing; cold test: negative; no mobility, healthy gin",The patient noticed discoloration in the lower right molar one month ago.,"One month ago, the patient noticed the lower right molar turning black without pain, seeking restoration.",Healthy. No significant medical history. Denies systemic diseases and drug allergies.,"Tooth 46: Buccal and occlusal caries extending to superficial dentin, negative to probing; cold test: negative; no mobility, healthy gingiva. Teeth 16, 36: Deep pits and fissures, no caries detected. [0][CD], mobility grade II, teeth 23, 24 erupting buccally."
1567,1567-001,train,label_caries,1,caries,examination,DIRECT_POSITIVE_CANDIDATE,,"ed at gingival level, mesial-occlusal resin restoration, distal-occlusal restoration with secondary caries, negative cold and percussion tests, no gingival inflammation or mobility. Tooth 26: Large mesial-o",The patient reports a fracture of the upper left molar one week ago.,"Several years ago, the upper left molar was restored at an external clinic; one week ago, the tooth fractured, affecting eating.","Generally healthy, denies systemic diseases and drug allergies.","Tooth 25: Palatal cusp partially fractured at gingival level, mesial-occlusal resin restoration, distal-occlusal restoration with secondary caries, negative cold and percussion tests, no gingival inflammation or mobility. Tooth 26: Large mesial-occlusal amalgam restoration, mesial restoration margin with secondary caries, negative cold and percussion tests, gingival recession to root neck, no mobility. Tooth 24: Distal cervical caries, dark discoloration, negative cold and percussion tests, no gingival inflammation or mobility."
1571,1571-001,train,label_caries,1,caries,examination,DIRECT_POSITIVE_CANDIDATE,,"Tooth 42 is a residual root with no response to cold or heat tests. Teeth 41 and 43 have proximal caries extending to deep dentin, with pain on cold and heat tests and positive probing.","The patient reports a fractured lower anterior tooth for several years, affecting aesthetics.","The patient presents with a fractured lower anterior tooth, seeking treatment for aesthetic concerns.",The patient takes daily antidiabetic medication and denies other systemic diseases.,"Tooth 42 is a residual root with no response to cold or heat tests. Teeth 41 and 43 have proximal caries extending to deep dentin, with pain on cold and heat tests and positive probing."
1591,1591-001,validation,label_caries,1,caries,examination,DIRECT_POSITIVE_CANDIDATE,,"Teeth 45, 46, 47 have a porcelain bridge, not mobile, with poor marginal fit and secondary caries. Percussion negative, gingiva normal, cold sensitivity present. Tooth 22 shows a white filling with","Missing teeth in the lower right posterior region for several years, seeking restoration.","Teeth 567 were extracted and restored with a porcelain bridge at another clinic years ago. Recently, the patient noticed mobility affecting mastication and seeks restoration.",Generally healthy.,"Teeth 45, 46, 47 have a porcelain bridge, not mobile, with poor marginal fit and secondary caries. Percussion negative, gingiva normal, cold sensitivity present. Tooth 22 shows a white filling with dark margins, cold and percussion negative, no mobility. Periodontium appears normal."
1591,1591-001,validation,label_tooth_loss,0,missing teeth,chief_complaint,DIRECT_POSITIVE_CANDIDATE,,"Missing teeth in the lower right posterior region for several years, seeking restoration.","Missing teeth in the lower right posterior region for several years, seeking restoration.","Teeth 567 were extracted and restored with a porcelain bridge at another clinic years ago. Recently, the patient noticed mobility affecting mastication and seeks restoration.",Generally healthy.,"Teeth 45, 46, 47 have a porcelain bridge, not mobile, with poor marginal fit and secondary caries. Percussion negative, gingiva normal, cold sensitivity present. Tooth 22 shows a white filling with dark margins, cold and percussion negative, no mobility. Periodontium appears normal."
1686,1686-002,validation,label_caries,1,caries,examination,DIRECT_POSITIVE_CANDIDATE,,"Tooth 18 is elongated with buccal caries, negative percussion, healthy gingiva, and normal cold test response.",The patient reports darkening of the upper right posterior tooth for several months.,The patient has noticed darkening of the upper right posterior tooth for several months and has come for evaluation.,,"Tooth 18 is elongated with buccal caries, negative percussion, healthy gingiva, and normal cold test response."
1733,1733-002,train,label_caries,1,caries,examination,DIRECT_POSITIVE_CANDIDATE,,Teeth 27 and 37 show occlusal pit and fissure caries with black discoloration and carious dentin on probing. No percussion pain.,,,,Teeth 27 and 37 show occlusal pit and fissure caries with black discoloration and carious dentin on probing. No percussion pain.
1740,1740-001,validation,label_tooth_loss,0,missing teeth,present_illness,DIRECT_POSITIVE_CANDIDATE,,The patient perceives spacing and missing teeth.,"No significant discomfort, initial bracket bonding today.",The patient perceives spacing and missing teeth.,,
1744,1744-006,train,label_caries,1,caries,examination,DIRECT_POSITIVE_CANDIDATE,,plaque accumulation. Teeth 17 and 27 show suspicious dark brown occlusal pits indicating potential caries.,The patient reports gingival pain during the 14th month of orthodontic treatment.,"The patient is in the 14th month of orthodontic treatment, currently in the space closure phase.",,"Teeth 13, 15, 23, and 25 show gingival redness and hyperplasia between teeth 13-15 and 23-25. Tooth 25 is mesially tilted with inadequate appliance coverage. Buccal surfaces of maxillary molars have minor plaque accumulation. Teeth 17 and 27 show suspicious dark brown occlusal pits indicating potential caries."
1765,1765-001,train,label_caries,1,caries,examination,DIRECT_POSITIVE_CANDIDATE,,"Tooth 46 exhibits deep occlusal caries with pain on probing, positive cold test, negative percussion, and no mobility. Tooth 36 shows deep",The patient reports pain in the lower right posterior tooth for two days.,"The patient experiences cold-induced pain and spontaneous pain in the lower right posterior tooth, affecting eating.","The patient is generally healthy, denies systemic diseases and drug allergies.","Tooth 46 exhibits deep occlusal caries with pain on probing, positive cold test, negative percussion, and no mobility. Tooth 36 shows deep occlusal caries with acid sensitivity, cold sensitivity, negative percussion, and no mobility. Tooth 16 has occlusal caries with discoloration, negative cold and percussion tests, and no mobility."
1775,1775-003,validation,label_caries,1,caries,examination,DIRECT_POSITIVE_CANDIDATE,,Tooth 18 exhibits extensive caries with mesial food impaction. The gingival papilla is swollen and inflamed.,The patient reports food impaction in the upper right posterior tooth for several years.,,,Tooth 18 exhibits extensive caries with mesial food impaction. The gingival papilla is swollen and inflamed.
1781,1781-003,train,label_caries,1,caries,examination,DIRECT_POSITIVE_CANDIDATE,,"Tooth 27 shows proximal caries with percussion negative, thermal sensitivity, periodontal pocket formation, and gingival swelling",The patient reports gingival swelling around the upper left posterior tooth for over two weeks.,"The patient experiences food impaction around the upper left posterior tooth, leading to gingival swelling for the past two weeks.",The patient denies any major illnesses or drug allergies.,"Tooth 27 shows proximal caries with percussion negative, thermal sensitivity, periodontal pocket formation, and gingival swelling with bleeding on probing. Tooth 26 has retained sealant. Generalized dental fluorosis and soft plaque are present."
1853,1853-001,train,label_caries,1,caries,examination,DIRECT_POSITIVE_CANDIDATE,,"sp fracture at the gingival level, with mesial occlusal resin filling and distal occlusal secondary caries. Cold test negative, percussion negative, no gingival inflammation or mobility. Tooth 26 has a larg",The patient reports a fracture in the upper left posterior tooth for a week.,"The patient had a filling placed in the upper left posterior tooth at an external clinic several years ago. A week ago, the tooth fractured, affecting eating.","The patient is generally healthy, with no history of systemic diseases or drug allergies.","Tooth 25 shows a palatal cusp fracture at the gingival level, with mesial occlusal resin filling and distal occlusal secondary caries. Cold test negative, percussion negative, no gingival inflammation or mobility. Tooth 26 has a large mesial occlusal amalgam filling with secondary caries at the margin, cold test negative, percussion negative, gingival recession to the cervical area, no mobility. Tooth 24 has distal cervical caries with dark discoloration, cold test negative, percussion negative, no gingival inflammation or mobility."
1869,1869-002,train,label_caries,1,caries,examination,DIRECT_POSITIVE_CANDIDATE,,"Teeth 37 and 47 have occlusal caries extending to the middle dentin layer, with normal cold and heat tests. Teeth 28 and 38 are fully er",The patient reports cavities in posterior teeth on both sides for six months.,"The patient reports cavities in posterior teeth on both sides affecting eating, prompting today's visit.",Denies systemic diseases.,"Teeth 37 and 47 have occlusal caries extending to the middle dentin layer, with normal cold and heat tests. Teeth 28 and 38 are fully erupted, higher than the occlusal plane, with mesial food impaction."
1903,1903-002,test,label_caries,1,caries,examination,DIRECT_POSITIVE_CANDIDATE,,"Teeth 11, 12, 21, 22, and 37 show carious lesions. Tooth 11 has distal caries, tooth 21 has mesial and distal caries, tooth 22 has mesial caries, and tooth 37 has occlusal and b",The patient reports tooth discoloration for several weeks.,The patient has noticed darkening of teeth over several weeks and seeks dental care.,Generally healthy with no significant medical history.,"Teeth 11, 12, 21, 22, and 37 show carious lesions. Tooth 11 has distal caries, tooth 21 has mesial and distal caries, tooth 22 has mesial caries, and tooth 37 has occlusal and buccal caries extending to the deep dentin layer. The gingiva appears normal."
1911,1911-001,validation,label_caries,1,caries,examination,DIRECT_POSITIVE_CANDIDATE,,"de III deep overbite. The maxillary arch is oval with a midline alignment, lingual inclination, and caries of upper anterior teeth. The mandibular arch shows mild crowding and lingual inclination of lower a",The patient reports dental crowding for over six months.,"Since the transition of teeth, the patient has experienced crowding of the lower anterior teeth and seeks improvement.",The patient is healthy. Previous RCT and preformed crown restoration on mandibular molars at an external clinic.,"Extraoral examination shows symmetrical facial features with a centered chin and harmonious facial height. Intraoral examination reveals mixed dentition, Class II molar relationship, Class I canine relationship, and Grade III deep overbite. The maxillary arch is oval with a midline alignment, lingual inclination, and caries of upper anterior teeth. The mandibular arch shows mild crowding and lingual inclination of lower anterior teeth, with post-RCT preformed crown restorations on teeth 75 and 85. Oral hygiene is good. TMJ examination shows no significant abnormalities."
1917,1917-001,train,label_caries,1,caries,examination,DIRECT_POSITIVE_CANDIDATE,,"Tooth 11 shows mesial caries, with slight demineralization on some teeth.","First month of orthodontic treatment, no significant discomfort, continuation of treatment today.",Initial bonding of brackets today.,,"Tooth 11 shows mesial caries, with slight demineralization on some teeth."
1926,1926-001,test,label_caries,1,caries,examination,DIRECT_POSITIVE_CANDIDATE,,"Tooth 16 exhibits caries on the occlusal surface extending to the middle layer of dentin. Negative to probing, cold, heat, a",The patient reports dark discoloration of the upper right posterior tooth for six months and seeks treatment.,,,"Tooth 16 exhibits caries on the occlusal surface extending to the middle layer of dentin. Negative to probing, cold, heat, and percussion tests."
1947,1947-001,train,label_caries,1,caries,examination,DIRECT_POSITIVE_CANDIDATE,,"Teeth 32, 33, and 34 show extensive interproximal caries. Teeth 32 and 33 are sensitive to cold and acidic stimuli with probing pain. Tooth 34 is discolored",,,,"Teeth 32, 33, and 34 show extensive interproximal caries. Teeth 32 and 33 are sensitive to cold and acidic stimuli with probing pain. Tooth 34 is discolored with a periapical shadow on radiographic examination. Teeth 35, 36, and 46 have root remnants with a buccal fistula."
1976,1976-002,train,label_caries,1,caries,examination,DIRECT_POSITIVE_CANDIDATE,,"Teeth 38 and 48 have extensive occlusal caries reaching the pulp chamber, with distal gingival coverage. No response to cold or heat tests. Teeth",The patient reports bilateral posterior tooth pain for two weeks.,"The patient describes pain in the posterior teeth on both sides, affecting eating, prompting today's visit.",Denies any systemic medical history.,"Teeth 38 and 48 have extensive occlusal caries reaching the pulp chamber, with distal gingival coverage. No response to cold or heat tests. Teeth 37 and 47 have proximal caries reaching deep dentin, with pain on cold and heat tests, and positive probing."
1996,1996-001,train,label_caries,1,caries,examination,DIRECT_POSITIVE_CANDIDATE,,"ion, shallow nasolabial and mentolabial sulcus, convex profile, bimaxillary protrusion. 3. Proximal caries on tooth 38.","Misaligned teeth affecting aesthetics, seeking orthodontic treatment.","Post-exfoliation of primary teeth, misalignment has progressively worsened, affecting function and aesthetics.","No previous orthodontic treatment, no known drug allergies.","1. Permanent dentition; arch form: square-rounded; crowding: mild in maxilla, moderate in mandible, distal incisal edge defect on tooth 11. 2. Anterior teeth show normal overbite and overjet, bilateral neutral molar and canine occlusion, shallow nasolabial and mentolabial sulcus, convex profile, bimaxillary protrusion. 3. Proximal caries on tooth 38."
2029,2029-003,train,label_caries,1,caries,examination,DIRECT_POSITIVE_CANDIDATE,,"Tooth 16: Palatal groove and occlusal caries, negative percussion, healthy gingiva, normal cold test.",Referred from orthodontics for tooth restoration.,Referred from orthodontics seeking restoration.,,"Tooth 16: Palatal groove and occlusal caries, negative percussion, healthy gingiva, normal cold test."
2037,2037-001,train,label_caries,1,caries,examination,DIRECT_POSITIVE_CANDIDATE,,"Tooth [5O, B4O, B][0] shows occlusal fissure caries with ink-stained appearance, hard texture, wedge-shaped defect at the cervical buccal area, and exp",The patient reports sensitivity in the lower right posterior tooth for six months.,The patient has experienced sensitivity in the lower right posterior tooth for six months and requests a filling today.,Healthy with no significant medical history. Denies systemic conditions.,"Tooth [5O, B4O, B][0] shows occlusal fissure caries with ink-stained appearance, hard texture, wedge-shaped defect at the cervical buccal area, and exposed dentin. Cold test sensitivity noted."
2054,2054-001,validation,label_caries,1,caries,examination,DIRECT_POSITIVE_CANDIDATE,,"[E] shows deep mesial occlusal caries, positive probing, percussion (+-), cold test positive, no mobility, normal gingiva.",The patient reports pain in the upper right posterior tooth when chewing for several months.,The upper right posterior tooth has been sensitive to chewing for several months without spontaneous pain.,"Denies systemic diseases, infectious diseases, and drug allergies.","[E] shows deep mesial occlusal caries, positive probing, percussion (+-), cold test positive, no mobility, normal gingiva."
2055,2055-002,validation,label_caries,1,caries,chief_complaint,DIRECT_POSITIVE_CANDIDATE,,The patient reports dental caries for several years.,The patient reports dental caries for several years.,"The patient has experienced dental caries for several years, affecting chewing.",No significant medical history.,"Teeth 14, 26, 27, 36 present with root remnants. No gingival swelling."
2055,2055-002,validation,label_caries,1,caries,present_illness,DIRECT_POSITIVE_CANDIDATE,,"The patient has experienced dental caries for several years, affecting chewing.",The patient reports dental caries for several years.,"The patient has experienced dental caries for several years, affecting chewing.",No significant medical history.,"Teeth 14, 26, 27, 36 present with root remnants. No gingival swelling."
2055,2055-002,validation,label_caries,1,dental caries,chief_complaint,DIRECT_POSITIVE_CANDIDATE,,The patient reports dental caries for several years.,The patient reports dental caries for several years.,"The patient has experienced dental caries for several years, affecting chewing.",No significant medical history.,"Teeth 14, 26, 27, 36 present with root remnants. No gingival swelling."
2055,2055-002,validation,label_caries,1,dental caries,present_illness,DIRECT_POSITIVE_CANDIDATE,,"The patient has experienced dental caries for several years, affecting chewing.",The patient reports dental caries for several years.,"The patient has experienced dental caries for several years, affecting chewing.",No significant medical history.,"Teeth 14, 26, 27, 36 present with root remnants. No gingival swelling."
2056,2056-001,validation,label_tooth_loss,0,missing tooth,examination,DIRECT_POSITIVE_CANDIDATE,,"I deep overbite. Maxillary arch is ovoid with a midline deviation to the left by approximately 1mm, missing tooth 22. Mandibular arch shows mild crowding, ovoid shape, midline deviation to the right by approximate",The patient reports dental crowding for several years.,"Post-exfoliation of primary teeth, the patient has experienced dental crowding for several years and seeks improvement.","Generally healthy. Approximately 5 years ago, the patient underwent 2x4 orthodontic treatment for the maxillary anterior teeth at our clinic.","Extraoral frontal view: facial symmetry with centered chin and balanced facial height. Profile view: straight profile. Intraoral examination: Permanent dentition, molar relationship: Class II, canine relationship: Class II, Class I deep overbite. Maxillary arch is ovoid with a midline deviation to the left by approximately 1mm, missing tooth 22. Mandibular arch shows mild crowding, ovoid shape, midline deviation to the right by approximately 1mm, and a deep curve of Spee. Poor oral hygiene. TMJ examination: no significant abnormalities."
2067,2067-002,train,label_caries,1,caries,examination,DIRECT_POSITIVE_CANDIDATE,,"Tooth 37 exhibits caries on the occlusal and buccal surfaces, extending to the middle layer of dentin. Negative to probing,",The patient reports dark discoloration of the lower left posterior tooth for several months.,"The patient seeks treatment for dark discoloration of the lower left posterior tooth, which has been present for several months.",Healthy with no systemic conditions or drug allergies.,"Tooth 37 exhibits caries on the occlusal and buccal surfaces, extending to the middle layer of dentin. Negative to probing, cold, heat, and percussion tests."
2095,2095-001,train,label_caries,1,caries,examination,DIRECT_POSITIVE_CANDIDATE,,"areas, no obvious structural defects, but deep pits and fissures are present. Teeth 26, 36, 46 have caries extending to the enamel, negative to cold and percussion tests, and normal gingival color. Tooth [D",Request for dental examination.,The child's guardian requested a dental check-up.,Denies systemic diseases and drug allergies.,"Teeth 14, 16, 24 show poor oral hygiene with plaque accumulation at the cervical areas, no obvious structural defects, but deep pits and fissures are present. Teeth 26, 36, 46 have caries extending to the enamel, negative to cold and percussion tests, and normal gingival color. Tooth [D] shows grade 2 mobility with 2mm eruption of the successor permanent tooth."
2114,2114-001,train,label_caries,1,caries,examination,DIRECT_POSITIVE_CANDIDATE,,"ity. Teeth 16 and 26 have deep pits and fissures, catching the probe. Teeth 36 and 46 have occlusal caries extending into deep dentin, normal response to thermal tests, and no percussion pain.",The patient requests a dental examination.,,,"[E][0] shows root exposure with grade III mobility. Teeth 16 and 26 have deep pits and fissures, catching the probe. Teeth 36 and 46 have occlusal caries extending into deep dentin, normal response to thermal tests, and no percussion pain."
2136,2136-001,train,label_caries,1,caries,examination,DIRECT_POSITIVE_CANDIDATE,,"robing, gingival redness and swelling, dark red gingiva, loss of stippling. Tooth 28: Deep occlusal caries, Tooth 36: Missing, Teeth 47 and 48: Grade II mobility.",The patient reports tooth mobility and discomfort for several months.,"The patient has experienced tooth mobility and discomfort for several months, with bleeding during brushing, prompting today's visit.","The patient denies hypertension, heart disease, diabetes, and drug allergies. No significant family medical history.","Generalized moderate to severe gingival recession, bleeding on probing, tooth mobility, periodontal pockets detected. Poor overall oral hygiene; plaque index (Dl): 1, calculus index (Cl): 1 = supragingival calculus covering less than 1/3 of the tooth surface, attachment loss detected, subgingival calculus detected, bleeding index: 4 = bleeding fills and overflows the gingival sulcus upon probing, gingival redness and swelling, dark red gingiva, loss of stippling. Tooth 28: Deep occlusal caries, Tooth 36: Missing, Teeth 47 and 48: Grade II mobility."
2169,2169-001,train,label_caries,1,caries,examination,DIRECT_POSITIVE_CANDIDATE,,"Teeth 34, 35: Tooth 34 has a root remnant with caries and grade II mobility, negative probing and percussion. Tooth 35 has a buccal cervical wedge-shaped",The patient reports a root remnant in the lower left posterior region for several months.,The patient has had a root remnant in the lower left posterior region for several months and seeks restoration.,The patient is healthy with no significant medical history.,"Teeth 34, 35: Tooth 34 has a root remnant with caries and grade II mobility, negative probing and percussion. Tooth 35 has a buccal cervical wedge-shaped groove with black carious discoloration extending to deep dentin, a buccal mucosal fistula, negative palpation, probing, cold, heat, and percussion tests, and grade II mobility."
2210,2210-002,validation,label_caries,1,caries,examination,DIRECT_POSITIVE_CANDIDATE,,"Teeth 36 and 46 show deep caries in occlusal and buccal pits and fissures with dark discoloration, negative for cold, percussion, an",Referred from orthodontics for restorative treatment.,,,"Teeth 36 and 46 show deep caries in occlusal and buccal pits and fissures with dark discoloration, negative for cold, percussion, and mobility tests. Tooth 26 has occlusal and mesial caries, negative for cold, percussion, and mobility tests."
2213,2213-002,train,label_caries,1,caries,examination,DIRECT_POSITIVE_CANDIDATE,,"Tooth 14 exhibits occlusal caries extending into the deep dentin layer. Normal response to thermal tests, negative percussion.",Request for dental filling.,The patient denies any recent travel to high-risk areas or contact with COVID-19 cases within the past 14 days.,Healthy with no significant medical history.,"Tooth 14 exhibits occlusal caries extending into the deep dentin layer. Normal response to thermal tests, negative percussion."
2233,2233-002,test,label_caries,1,caries,examination,DIRECT_POSITIVE_CANDIDATE,,"Tooth 22: lingual mesial caries reaching dentin, cold sensitivity, normal gingiva. Tooth 37: mesially tilted, mid-position, normal",Tooth filling and extraction.,,,"Tooth 22: lingual mesial caries reaching dentin, cold sensitivity, normal gingiva. Tooth 37: mesially tilted, mid-position, normal gingiva."
2233,2233-005,test,label_caries,1,caries,examination,DIRECT_POSITIVE_CANDIDATE,,"Teeth 16, 27, 36, 46, 47: pit and fissure caries reaching enamel, negative probing; normal thermal response, negative percussion. Teeth 17, 26: occl",Referred for fillings after orthodontic treatment.,,,"Teeth 16, 27, 36, 46, 47: pit and fissure caries reaching enamel, negative probing; normal thermal response, negative percussion. Teeth 17, 26: occlusal caries extending to mid-dentin, negative probing; normal thermal response, negative percussion."
2258,2258-001,test,label_caries,1,caries,examination,DIRECT_POSITIVE_CANDIDATE,,"th 28 is fully erupted, above the occlusal plane, with mesial food impaction and extensive occlusal caries, leaving a residual crown.",The patient reports a cavity in the upper left posterior tooth for six months.,"The patient reports a cavity in the upper left posterior tooth affecting eating, seeking treatment.",Denies systemic diseases.,"Tooth 28 is fully erupted, above the occlusal plane, with mesial food impaction and extensive occlusal caries, leaving a residual crown."
2304,2304-001,train,label_caries,1,caries,examination,DIRECT_POSITIVE_CANDIDATE,,Teeth 37 and 47 exhibit occlusal pit and fissure caries.,,,,Teeth 37 and 47 exhibit occlusal pit and fissure caries.
2308,2308-001,train,label_caries,1,caries,examination,DIRECT_POSITIVE_CANDIDATE,,"h deep dentin involvement, cold sensitivity, and probe retention. Tooth 36 shows extensive occlusal caries with deep dentin involvement and cold sensitivity. Tooth 37 shows occlusal caries with probe retent",The patient returns three days after a filling in the upper left posterior tooth.,"Three days post-filling in the upper left posterior tooth, with no discomfort. Present for follow-up.",,"Teeth 26 and 27 show no percussion pain or gingival inflammation, with restorations intact. Tooth 25 shows distal surface changes with deep dentin involvement, cold sensitivity, and probe retention. Tooth 36 shows extensive occlusal caries with deep dentin involvement and cold sensitivity. Tooth 37 shows occlusal caries with probe retention to the dentin layer."
2333,2333-002,validation,label_caries,0,caries,chief_complaint,DIRECT_POSITIVE_CANDIDATE,,The patient requests fissure sealants for caries prevention.,The patient requests fissure sealants for caries prevention.,The patient requests fissure sealants to prevent cavities.,"Denies systemic diseases, hypertension, heart disease, diabetes, and drug allergies. No significant family medical history.","Teeth 16, 26, 36, and 46 show normal eruption with deep pits and fissures, and pigmentation in the grooves. Maxillary protrusion and mandibular retrusion noted."
2336,2336-001,test,label_tooth_loss,1,missing teeth,examination,DIRECT_POSITIVE_CANDIDATE,,"lingual frenulum. Normal tongue. 4. Facial morphology and others: Facial asymmetry. Convex profile. Missing teeth 36, 37, 46.",Patient reports misaligned teeth for several years.,"Post-exfoliation, the misalignment of teeth has progressively worsened, affecting function and aesthetics.","No previous orthodontic treatment. Patient denies systemic diseases such as hypertension, diabetes, infectious diseases like hepatitis, tuberculosis, and has no history of nasal or adenoid issues, tonsil hypertrophy, or drug allergies.","1. Teeth and dental arch: Permanent dentition; oval arch form; mild crowding; individual tooth misalignment. 2. Occlusion: Canine relationship: distal on the right side. Anterior overbite I0; mandibular midline shifted to the right. 3. Other oral soft and hard tissues: Good oral hygiene. Moderate periodontal condition. Normal labial and lingual frenulum. Normal tongue. 4. Facial morphology and others: Facial asymmetry. Convex profile. Missing teeth 36, 37, 46."
2354,2354-001,train,label_caries,1,caries,examination,DIRECT_POSITIVE_CANDIDATE,,"ing present with distal marginal ridge fracture, probe catches, cold sensitivity. Tooth 46: Fissure caries with probe penetration into the dentin layer.",The patient reports a broken lower left posterior tooth for several days.,"The lower left posterior tooth has been broken for several days, affecting eating.",Healthy.,"Tooth 36: Large filling present with distal marginal ridge fracture, probe catches, cold sensitivity. Tooth 46: Fissure caries with probe penetration into the dentin layer."
2376,2376-001,train,label_caries,1,caries,examination,DIRECT_POSITIVE_CANDIDATE,,"eeding on probing, no periodontal pockets detected. Calculus (++), pigmentation (+). [2B1P, B][4O], caries, 34 probing (+-), cold test similar to control tooth.",Gingival bleeding upon stimulation for several months.,Bleeding during brushing for several months without pain.,"The patient denies a history of hypertension, heart disease, and diabetes. No known allergies to penicillin or metals. The patient reports long-term consumption of coffee and other staining beverages.","Generalized gingival redness and swelling, easy bleeding on probing, no periodontal pockets detected. Calculus (++), pigmentation (+). [2B1P, B][4O], caries, 34 probing (+-), cold test similar to control tooth."
2387,2387-001,validation,label_tooth_loss,0,missing tooth,examination,DIRECT_POSITIVE_CANDIDATE,,"lum and tongue anatomy. 4. Facial form: Asymmetrical face, convex profile, deep mentolabial sulcus. Missing tooth 37.",The patient reports dental misalignment for several years.,"Post-exfoliation, the patient's dental misalignment has progressively worsened, affecting function and aesthetics.","No history of orthodontic treatment. The patient denies hypertension, diabetes, infectious diseases like hepatitis or tuberculosis.","1. Teeth and arches: Permanent dentition; arch form: ovoid; mild crowding. 2. Occlusion: Molar relationship: mild distal; anterior overbite II; anterior overjet I; midline normal. 3. Other oral soft and hard tissues: Oral hygiene and periodontal status are fair. Normal frenulum and tongue anatomy. 4. Facial form: Asymmetrical face, convex profile, deep mentolabial sulcus. Missing tooth 37."
2431,2431-002,train,label_caries,1,caries,examination,DIRECT_POSITIVE_CANDIDATE,,"Tooth 34 shows a residual root with caries and grade II mobility, negative to probing and percussion. Tooth 35 has a wedge-shaped defect on th",The patient reports a residual root in the lower left posterior region for several months.,The patient has had a residual root in the lower left posterior region for several months and seeks restoration.,The patient is generally healthy with no significant medical history. Denies systemic diseases.,"Tooth 34 shows a residual root with caries and grade II mobility, negative to probing and percussion. Tooth 35 has a wedge-shaped defect on the buccal cervical area with black discoloration extending to deep dentin. There is a buccal sinus tract, negative to palpation, probing, cold, heat, and percussion tests, with grade II mobility."
2489,2489-003,train,label_caries,1,caries,examination,DIRECT_POSITIVE_CANDIDATE,,"ith resistance. Sealing material intact, no significant soft tissue abnormalities. Tooth 44: distal caries, deep, no significant discomfort.",Routine check-up as scheduled for implant follow-up.,Routine check-up as scheduled for implant follow-up.,,"Implant crown present, no mobility, floss passes through interproximal spaces with resistance. Sealing material intact, no significant soft tissue abnormalities. Tooth 44: distal caries, deep, no significant discomfort."
2591,2591-001,train,label_tooth_loss,0,missing teeth,chief_complaint,DIRECT_POSITIVE_CANDIDATE,,"The patient reports tooth mobility, shifting, and missing teeth for several years.","The patient reports tooth mobility, shifting, and missing teeth for several years.","The patient has noticed increasing tooth mobility and shifting, with difficulty chewing for several years. Multiple teeth are missing, and there is bleeding during brushing, but no significant pain.","The patient denies cardiovascular diseases such as hypertension and coronary heart disease, metabolic diseases like diabetes and gout, infectious diseases such as hepatitis, syphilis, and HIV, autoimmune diseases like lupus, rheumatoid arthritis, and Hashimoto's thyroiditis, hormonal disorders such as hyperthyroidism and hypothyroidism, renal system diseases, mental health disorders, allergies to penicillin or metals, and any history of medication use or smoking.","Generalized moderate to severe gingival recession, bleeding on probing, and periodontal pockets detected. Oral hygiene is average; soft plaque index (Dl): 1, calculus index (Cl): 1 = supragingival calculus covers less than 1/3 of the tooth surface, attachment loss and subgingival calculus present, bleeding index: 4 = bleeding fills and overflows the gingival sulcus upon probing. Gingiva is red, swollen, and dark red with loss of stippling. Teeth 14, 16, 17, 27, and 47 are missing. Teeth 26 and 38 have mobility grade III, and teeth 11 and 25 have mobility grade II."
2593,2593-001,train,label_caries,1,caries,examination,DIRECT_POSITIVE_CANDIDATE,,"and 41 have mobility grade I. Tooth 36 has moderate gingival recession, mesial and lingual cervical caries extending to the pulp chamber, negative to probing and cold test, percussion negative, mobility gra",The patient reports tooth mobility and discomfort for several months.,"The patient reports multiple missing teeth for years and increasing mobility and discomfort in remaining teeth for several months, with bleeding during brushing.","Denies hypertension, heart disease, diabetes, drug allergies, and significant family medical history.","Generalized moderate to severe gingival recession, bleeding on probing, and periodontal pockets detected. Poor oral hygiene; soft plaque index (DI): 1, calculus index (Cl): 1 = supragingival calculus covers less than 1/3 of the tooth surface, attachment loss and subgingival calculus present, bleeding index: 4 = bleeding fills and overflows the gingival sulcus upon probing. Gingiva is red, swollen, and dark red with loss of stippling. Teeth 35 and 37 are missing. Teeth 16 and 26 have residual roots. Teeth 13, 14, and 15 have porcelain-fused-to-metal crown bridges with poor marginal fit, no mobility. Teeth 44, 45, 46, 47, and 48 have porcelain-fused-to-metal crown bridges with acceptable marginal fit, no mobility. Teeth 25, 31, 35, and 41 have mobility grade I. Tooth 36 has moderate gingival recession, mesial and lingual cervical caries extending to the pulp chamber, negative to probing and cold test, percussion negative, mobility grade I."
2593,2593-001,train,label_tooth_loss,0,missing teeth,present_illness,DIRECT_POSITIVE_CANDIDATE,,"The patient reports multiple missing teeth for years and increasing mobility and discomfort in remaining teeth for several months, with bleedi",The patient reports tooth mobility and discomfort for several months.,"The patient reports multiple missing teeth for years and increasing mobility and discomfort in remaining teeth for several months, with bleeding during brushing.","Denies hypertension, heart disease, diabetes, drug allergies, and significant family medical history.","Generalized moderate to severe gingival recession, bleeding on probing, and periodontal pockets detected. Poor oral hygiene; soft plaque index (DI): 1, calculus index (Cl): 1 = supragingival calculus covers less than 1/3 of the tooth surface, attachment loss and subgingival calculus present, bleeding index: 4 = bleeding fills and overflows the gingival sulcus upon probing. Gingiva is red, swollen, and dark red with loss of stippling. Teeth 35 and 37 are missing. Teeth 16 and 26 have residual roots. Teeth 13, 14, and 15 have porcelain-fused-to-metal crown bridges with poor marginal fit, no mobility. Teeth 44, 45, 46, 47, and 48 have porcelain-fused-to-metal crown bridges with acceptable marginal fit, no mobility. Teeth 25, 31, 35, and 41 have mobility grade I. Tooth 36 has moderate gingival recession, mesial and lingual cervical caries extending to the pulp chamber, negative to probing and cold test, percussion negative, mobility grade I."
2600,2600-001,train,label_caries,0,caries,examination,DIRECT_POSITIVE_CANDIDATE,,"Tooth 25 has deep caries extending to the pulp, with tenderness on probing and grade II mobility. Cold test on contralateral","Toothache for 7 days, worsening over the last 2 days.","The patient reports a long-standing carious lesion with no initial discomfort, but now experiences pain after eating, which has intensified, prompting today's visit.","No history of hypertension, heart disease, diabetes, hepatitis, tuberculosis, or other infectious diseases. No allergies reported. No significant findings in systemic review.","Tooth 25 has deep caries extending to the pulp, with tenderness on probing and grade II mobility. Cold test on contralateral tooth elicits pain, and electric pulp test shows reduced vitality. No other significant findings."
2615,2615-002,train,label_caries,1,caries,examination,DIRECT_POSITIVE_CANDIDATE,,"Teeth 36 and 37 show dark occlusal and buccal pits and fissures, with caries extending to deep dentin on the buccal surface. Negative percussion, positive cold test.",The patient reports dark discoloration on the lower left molar for several days.,The patient noticed darkening of the lower left molar for several days and seeks evaluation.,Healthy with no significant medical history.,"Teeth 36 and 37 show dark occlusal and buccal pits and fissures, with caries extending to deep dentin on the buccal surface. Negative percussion, positive cold test."
2619,2619-001,train,label_tooth_loss,1,missing teeth,chief_complaint,DIRECT_POSITIVE_CANDIDATE,,The patient reports multiple missing teeth for several months.,The patient reports multiple missing teeth for several months.,"The patient has experienced gradual loosening and loss of multiple teeth over the years, affecting mastication, and is seeking treatment.",Healthy with no significant medical history.,"Teeth 14, 15, 16, 34, 35, and 36 are missing with sufficient keratinized gingiva and a 3mm gingival margin to alveolar crest distance. The alveolar ridge is recessed with no elongation of opposing teeth. Overall oral hygiene is fair with calculus and staining present. Occlusion and joints appear normal. Teeth 31, 32, 33, 41, 42, and 43 show severe wear to the deep dentin layer with visible root canal orifices and no percussion pain."
2649,2649-001,train,label_tooth_loss,1,edentulous,examination,DIRECT_POSITIVE_CANDIDATE,,"Teeth 31 and 41 are missing, with adequate space in the edentulous area and no significant alveolar ridge abnormalities. Adjacent teeth have intact crowns with no per",Missing lower anterior teeth for several months.,The patient reports missing lower anterior teeth for several months and requests restoration.,Healthy with no significant systemic conditions.,"Teeth 31 and 41 are missing, with adequate space in the edentulous area and no significant alveolar ridge abnormalities. Adjacent teeth have intact crowns with no periodontal issues or mobility, and opposing teeth show no overeruption. No significant occlusal abnormalities are noted."
2668,2668-002,train,label_caries,1,caries,examination,DIRECT_POSITIVE_CANDIDATE,,"soft plaque at the gingival margins. No significant abnormalities. Tooth [0][E] shows dark occlusal caries with probe stickiness, negative cold test. Teeth 16, 26, 36, 46 have erupted to the occlusal plane",The parent requests fluoride application for the child.,The parent reports no noticeable discomfort but requests fluoride application.,No significant medical history.,"General oral hygiene is average with slight soft plaque at the gingival margins. No significant abnormalities. Tooth [0][E] shows dark occlusal caries with probe stickiness, negative cold test. Teeth 16, 26, 36, 46 have erupted to the occlusal plane with deep pits and fissures."
2703,2703-003,train,label_caries,1,caries,examination,DIRECT_POSITIVE_CANDIDATE,,"Teeth 11, 21, 27, 36 have caries, crowns completely dislodged.","Orthodontic treatment for 11 months, no discomfort, continuing treatment today.",Teeth alignment in progress.,,"Teeth 11, 21, 27, 36 have caries, crowns completely dislodged."
2705,2705-001,validation,label_caries,1,caries,examination,DIRECT_POSITIVE_CANDIDATE,,"ooth 36 has a residual root with grade III mobility. Teeth 25, 26, 27, 38, 47, and 48 have occlusal caries, dark in color, with no cold sensitivity, percussion pain, gingival inflammation, or mobility. Toot",Referred from orthodontics for tooth extraction to reduce crowding.,,The patient is generally healthy with no systemic diseases or drug allergies.,"Teeth 14 and 24 show crowding with no abnormalities or discomfort. Tooth 36 has a residual root with grade III mobility. Teeth 25, 26, 27, 38, 47, and 48 have occlusal caries, dark in color, with no cold sensitivity, percussion pain, gingival inflammation, or mobility. Tooth 37 has distal occlusal and buccal carious defects."
2718,2718-004,train,label_caries,1,caries,examination,DIRECT_POSITIVE_CANDIDATE,,"Tooth 18 has caries, negative percussion, normal gingiva, and normal cold test.",Referred from orthodontics for tooth extraction.,Referred from orthodontics for tooth extraction.,,"Tooth 18 has caries, negative percussion, normal gingiva, and normal cold test."
2720,2720-001,validation,label_caries,1,caries,examination,DIRECT_POSITIVE_CANDIDATE,,"Teeth [EM,O,PDO] show deep caries into the dentin layer, negative probing response, cold test variable, no mobility, and normal gingi",The patient noticed discoloration of the upper right posterior tooth one month ago.,"One month ago, the patient noticed the upper right posterior tooth turning black without pain and seeks restoration.",The patient is healthy with no significant medical history or drug allergies.,"Teeth [EM,O,PDO] show deep caries into the dentin layer, negative probing response, cold test variable, no mobility, and normal gingiva."
2721,2721-002,train,label_caries,1,caries,examination,DIRECT_POSITIVE_CANDIDATE,,edness and swelling. Positive pigmentation on tooth surfaces. Teeth 14 and 15 exhibit interproximal caries.,The patient reports occasional bleeding during tooth brushing for over two weeks.,The patient has noticed bleeding while brushing teeth recently and seeks evaluation.,"Denies cardiovascular diseases such as hypertension and coronary heart disease. Denies metabolic diseases like diabetes and gout. Denies infectious diseases such as hepatitis, syphilis, and HIV. Denies autoimmune diseases like lupus, rheumatoid arthritis, and Hashimoto's thyroiditis. Denies hormonal disorders such as hyperthyroidism and hypothyroidism. Denies renal and psychiatric disorders. No known allergies to penicillin, metals, or other substances. No history of medication use.","Presence of grade I calculus throughout the mouth, with some gingival papillae showing redness and swelling. Positive pigmentation on tooth surfaces. Teeth 14 and 15 exhibit interproximal caries."
2746,2746-003,test,label_caries,1,caries,examination,DIRECT_POSITIVE_CANDIDATE,,"5 with 0.4mm discrepancy, mandibular midline shifted 1mm to the left. Teeth 24 and 47 have occlusal caries. Teeth 38 and 48 are impacted.","Orthodontic treatment in the 8th month, no significant discomfort, continuing treatment today.",Fine-tuning of dental alignment in progress.,,"Teeth 44 and 45 with 0.4mm discrepancy, mandibular midline shifted 1mm to the left. Teeth 24 and 47 have occlusal caries. Teeth 38 and 48 are impacted."
2746,2746-004,test,label_caries,1,caries,chief_complaint,DIRECT_POSITIVE_CANDIDATE,,Caries in the upper left posterior tooth for half a month.,Caries in the upper left posterior tooth for half a month.,Patient reports caries in the upper left posterior tooth affecting eating.,,"Tooth 24 has proximal caries reaching the middle dentin, normal cold and heat tests."
2746,2746-004,test,label_caries,1,caries,present_illness,DIRECT_POSITIVE_CANDIDATE,,Patient reports caries in the upper left posterior tooth affecting eating.,Caries in the upper left posterior tooth for half a month.,Patient reports caries in the upper left posterior tooth affecting eating.,,"Tooth 24 has proximal caries reaching the middle dentin, normal cold and heat tests."
2746,2746-004,test,label_caries,1,caries,examination,DIRECT_POSITIVE_CANDIDATE,,"Tooth 24 has proximal caries reaching the middle dentin, normal cold and heat tests.",Caries in the upper left posterior tooth for half a month.,Patient reports caries in the upper left posterior tooth affecting eating.,,"Tooth 24 has proximal caries reaching the middle dentin, normal cold and heat tests."
2748,2748-001,train,label_caries,1,caries,examination,DIRECT_POSITIVE_CANDIDATE,,"Tooth 16 presents with caries at the occlusal surface, extending to the middle layer of dentin. Negative to probing, cold, heat,",The patient seeks treatment for dark discoloration of the upper right posterior tooth for six months.,,,"Tooth 16 presents with caries at the occlusal surface, extending to the middle layer of dentin. Negative to probing, cold, heat, and percussion tests."
2765,2765-002,train,label_caries,1,caries,examination,DIRECT_POSITIVE_CANDIDATE,,"Tooth 27 has poor oral hygiene with significant plaque and pigmentation, caries reaching the middle dentin layer, negative cold test, no percussion pain, and normal gingival color",Routine dental check-up every three months.,The child's guardian requested an oral examination.,Denies systemic diseases and drug allergies.,"Tooth 27 has poor oral hygiene with significant plaque and pigmentation, caries reaching the middle dentin layer, negative cold test, no percussion pain, and normal gingival color. Teeth 34, 35, 44, 45 show no obvious defects, but have deep pits and fissures."
2776,2776-003,train,label_caries,1,caries,examination,DIRECT_POSITIVE_CANDIDATE,,"Teeth 16, 17, 26, 27, 37, 47 exhibit occlusal caries reaching mid-dentin, negative to probing, cold, heat, and percussion tests.","The patient reports dark discoloration of posterior teeth for several months, seeking treatment.","Darkened posterior teeth affecting eating, prompting today's visit.",Healthy with no systemic conditions or drug allergies.,"Teeth 16, 17, 26, 27, 37, 47 exhibit occlusal caries reaching mid-dentin, negative to probing, cold, heat, and percussion tests."
2817,2817-004,validation,label_caries,1,caries,examination,DIRECT_POSITIVE_CANDIDATE,,"[7][6O7O][7O][7] show carious lesions. The patient is in the mixed dentition phase. Probing reveals caries, but cold test and percussion are negative. Gingival color appears normal.",The patient requests a dental examination.,The child's guardian requested a dental check-up.,The child is healthy with no significant medical history or drug allergies.,"Teeth [7][6O7O][7O][7] show carious lesions. The patient is in the mixed dentition phase. Probing reveals caries, but cold test and percussion are negative. Gingival color appears normal."
2826,2826-002,train,label_caries,1,caries,examination,DIRECT_POSITIVE_CANDIDATE,,"Tooth 37 shows occlusal and buccal caries extending to the middle dentin layer, negative to probing, cold, heat, and percussion tests.",The patient reports dark discoloration of the lower left posterior tooth for several months.,The patient seeks evaluation for dark discoloration of the lower left posterior tooth persisting for several months.,Healthy. Denies systemic diseases and drug allergies.,"Tooth 37 shows occlusal and buccal caries extending to the middle dentin layer, negative to probing, cold, heat, and percussion tests."
2839,2839-002,train,label_caries,1,caries,examination,DIRECT_POSITIVE_CANDIDATE,,"Tooth 46 shows occlusal caries extending to the middle dentin layer, negative to probing, cold, heat, and percussion tests.","The patient reports dark discoloration of the lower right posterior tooth for six months, affecting eating.","The patient noticed darkening of the lower right posterior tooth, impacting eating.",Healthy with no systemic conditions or drug allergies.,"Tooth 46 shows occlusal caries extending to the middle dentin layer, negative to probing, cold, heat, and percussion tests."
2887,2887-001,validation,label_caries,1,caries,examination,DIRECT_POSITIVE_CANDIDATE,,Tooth [D] shows distal caries with no pain on probing. X-ray reveals a deep shadow reaching the pulp chamber. Anterior crossbite,"The patient denies any travel to foreign or high-risk areas, contact with COVID-19 cases, or exposure to symptomatic individuals in the past 28 days.",,,Tooth [D] shows distal caries with no pain on probing. X-ray reveals a deep shadow reaching the pulp chamber. Anterior crossbite is present.
2898,2898-003,test,label_caries,1,caries,examination,DIRECT_POSITIVE_CANDIDATE,,"Teeth 11, 21, 27, 36 show caries, and crowns have completely debonded.",The patient is in the 11th month of orthodontic treatment without significant discomfort and continues treatment today.,The alignment of the dental arch is ongoing.,,"Teeth 11, 21, 27, 36 show caries, and crowns have completely debonded."
2898,2898-006,test,label_caries,1,caries,examination,DIRECT_POSITIVE_CANDIDATE,,"Caries on the proximal surfaces of teeth 11 and 21, negative percussion and gingival tests, normal cold te",Referred for filling after cleaning.,Referred for filling after dental cleaning.,,"Caries on the proximal surfaces of teeth 11 and 21, negative percussion and gingival tests, normal cold test. Occlusal caries on teeth 27 and 36, negative percussion and gingival tests, normal cold test."
2913,2913-004,test,label_caries,1,caries,examination,DIRECT_POSITIVE_CANDIDATE,,"Teeth 17, 27, and 47 exhibit occlusal caries, with negative percussion and gingival tests, and normal cold testing. Tooth 22 shows palatal carie",Referred from orthodontics for dental restoration.,Referred from orthodontics for dental restoration.,,"Teeth 17, 27, and 47 exhibit occlusal caries, with negative percussion and gingival tests, and normal cold testing. Tooth 22 shows palatal caries with similar test results."
2932,2932-001,train,label_caries,1,caries,examination,DIRECT_POSITIVE_CANDIDATE,,"Tooth 16 has occlusal caries extending to the middle layer of dentin. Cold, heat, and percussion tests are negative.",The patient reports dark discoloration of the upper right posterior tooth for six months.,,,"Tooth 16 has occlusal caries extending to the middle layer of dentin. Cold, heat, and percussion tests are negative."
2965,2965-001,train,label_tooth_loss,0,missing teeth,examination,DIRECT_POSITIVE_CANDIDATE,,"tal arches: Permanent dentition; arch form: tapered; crowding: mild in maxilla, severe in mandible; missing teeth: 41, 26; 12-22 have a splinted restoration. 2. Occlusion: Molar relationship: mild mesial on both s",The patient reports misalignment of all teeth for several years.,The patient is concerned about the misalignment of teeth affecting both function and aesthetics.,"No previous orthodontic treatment. The patient denies systemic diseases such as hypertension or diabetes, infectious diseases like hepatitis or tuberculosis, and has no history of nasal or adenoid issues, tonsillar hypertrophy, or drug allergies.","1. Teeth and dental arches: Permanent dentition; arch form: tapered; crowding: mild in maxilla, severe in mandible; missing teeth: 41, 26; 12-22 have a splinted restoration. 2. Occlusion: Molar relationship: mild mesial on both sides; 17, 47; 27, 37 have crossbite; canine relationship: neutral on the left, mesial on the right; anterior overbite: II°; anterior overjet: I°; maxillary midline centered. 3. Other oral soft and hard tissues: Oral hygiene and periodontal status are average. High palatal vault. Normal labial and lingual frenulum. Normal tongue. 4. Facial form and others: Slight facial asymmetry. Convex profile. Shallow mentolabial sulcus."
3047,3047-001,test,label_caries,1,caries,examination,DIRECT_POSITIVE_CANDIDATE,,"file: Symmetrical. Straight profile. Shallow labiomental fold. Teeth 16, 26, 36, 46 show suspicious caries.",The patient reports misalignment of teeth for several years.,"Post-exfoliation, the misalignment has progressively worsened, affecting function and aesthetics.","No previous orthodontic treatment. The patient reports no systemic diseases such as hypertension or diabetes, and no infectious diseases like hepatitis or tuberculosis. No history of nasal or adenoid issues, tonsillar hypertrophy, or drug allergies.","1. Teeth and arches: Mixed dentition; arch form: oval; mild crowding. 2. Occlusion: Molar relationship: mesial on both sides; canine relationship: mesial on both sides. Anterior crossbite; midline normal. 3. Other oral tissues: Oral hygiene is moderate. Periodontal status is good. High palatal vault. Normal frenal attachments. Normal tongue and tongue tie. 4. Facial profile: Symmetrical. Straight profile. Shallow labiomental fold. Teeth 16, 26, 36, 46 show suspicious caries."
3047,3047-002,test,label_caries,1,caries,examination,DIRECT_POSITIVE_CANDIDATE,,"Teeth 26 and 46 show poor oral hygiene with significant plaque and pigmentation, caries extending to mid-dentin, negative cold test, negative percussion, and normal gingival color. Tooth",Request for dental examination.,The child's guardian requests a dental examination.,Denies systemic diseases and drug allergies.,"Teeth 26 and 46 show poor oral hygiene with significant plaque and pigmentation, caries extending to mid-dentin, negative cold test, negative percussion, and normal gingival color. Tooth 36 shows caries extending to deep dentin, negative cold test, negative percussion, and normal gingival color."
3205,3205-003,train,label_caries,1,caries,examination,DIRECT_POSITIVE_CANDIDATE,,"Teeth 17, 26, and 36 have occlusal caries extending to the middle layer of dentin. Sensitivity tests for cold, heat, and percussion are negat","The patient reports dark discoloration of posterior teeth for several months, affecting eating.","The patient has noticed darkening of posterior teeth for several months, impacting eating.",Healthy with no systemic conditions or drug allergies.,"Teeth 17, 26, and 36 have occlusal caries extending to the middle layer of dentin. Sensitivity tests for cold, heat, and percussion are negative."
3223,3223-001,train,label_caries,1,caries,examination,DIRECT_POSITIVE_CANDIDATE,,show attachment loss and poor fit. Tooth 13 has distal rotation and crowding. Tooth 46 has occlusal caries.,"The patient is in the 43rd month of orthodontic treatment, with no significant discomfort, and continues treatment today.",The alignment process is ongoing.,,"Teeth 13, 17, 23, and 24 show attachment loss and poor fit. Tooth 13 has distal rotation and crowding. Tooth 46 has occlusal caries."
3343,3343-002,test,label_caries,1,caries,examination,DIRECT_POSITIVE_CANDIDATE,,"percussion negative. Tooth 46 shows grade II mobility and percussion positive. Tooth 43 has lingual caries extending to deep dentin, probing negative, percussion negative.",The patient is undergoing a routine check-up three years after crown placement.,"The crowns have been in place for three years without significant discomfort, and the patient is here for a routine check-up.",,"Teeth 11, 12, and 21 have crowns in place with well-sealed margins and normal soft tissues, percussion negative. Tooth 46 shows grade II mobility and percussion positive. Tooth 43 has lingual caries extending to deep dentin, probing negative, percussion negative."
3403,3403-001,train,label_caries,1,caries,examination,DIRECT_POSITIVE_CANDIDATE,,"re fitting well, but tooth movement is slightly behind schedule. Scattered spacing in the mandible. Caries present on teeth 11, 12, 18, 21, and 36.","Orthodontic treatment in the 23rd month, follow-up visit.","In the 23rd month of orthodontic treatment, with mandibular spacing closure ongoing.",,"Orthodontic appliances are fitting well, but tooth movement is slightly behind schedule. Scattered spacing in the mandible. Caries present on teeth 11, 12, 18, 21, and 36."
3466,3466-002,train,label_caries,1,caries,examination,DIRECT_POSITIVE_CANDIDATE,,Presence of calculus and gingival bleeding upon probing. Caries detected on teeth 17 and 47.,The patient reports feeling that their teeth are not clean for over six months.,The patient feels that their brushing is inadequate and requests professional cleaning.,History of penicillin allergy. Denies any major systemic diseases.,Presence of calculus and gingival bleeding upon probing. Caries detected on teeth 17 and 47.
3466,3466-003,train,label_caries,1,caries,examination,DIRECT_POSITIVE_CANDIDATE,,Caries on the occlusal surfaces of teeth 17 and 47. Negative to probing and percussion tests.,Follow-up visit.,,,Caries on the occlusal surfaces of teeth 17 and 47. Negative to probing and percussion tests.
3468,3468-002,validation,label_caries,1,caries,examination,DIRECT_POSITIVE_CANDIDATE,,"Teeth 14, 16, 17, 24, 27, 37 show interproximal caries reaching the middle layer of dentin. Cold and heat tests are normal.",The patient reports cavities in posterior teeth on both sides for six months.,"The patient describes cavities in the posterior teeth on both sides, affecting eating, prompting today's visit.",Denies any systemic medical history.,"Teeth 14, 16, 17, 24, 27, 37 show interproximal caries reaching the middle layer of dentin. Cold and heat tests are normal."
3470,3470-002,train,label_caries,1,caries,examination,DIRECT_POSITIVE_CANDIDATE,,"Teeth 17, 37 show occlusal caries reaching the middle layer of dentin. Cold and heat tests are normal. Gingival redness, excessive ca",The patient reports cavities in posterior teeth on both sides for six months.,"The patient describes cavities in the posterior teeth on both sides, affecting eating, prompting today's visit.",Denies any systemic medical history.,"Teeth 17, 37 show occlusal caries reaching the middle layer of dentin. Cold and heat tests are normal. Gingival redness, excessive calculus, bleeding on probing, and subgingival calculus are noted across teeth 11-48, with alveolar bone resorption."
3510,3510-001,train,label_tooth_loss,0,missing teeth,chief_complaint,DIRECT_POSITIVE_CANDIDATE,,The patient reports multiple loose and missing teeth.,The patient reports multiple loose and missing teeth.,,,"General oral hygiene is average. Gingiva is red and swollen with easy bleeding on probing. Teeth 27 and 35 are missing. Teeth 18 and 25 show grade II mobility, tooth 17 shows grade III mobility, and other teeth show varying degrees of mobility."
3540,3540-002,test,label_tooth_loss,0,missing tooth,examination,DIRECT_POSITIVE_CANDIDATE,,1. Teeth and arches: Permanent dentition; arch form: ovoid; mild crowding; missing tooth 23. 2. Occlusion: Molar relationship: distal on both sides; canine relationship: mesial on both sid,The patient reports misalignment of all teeth for several years.,"Post-exfoliation of primary teeth, the misalignment has progressively worsened, affecting function and aesthetics.","No previous orthodontic treatment. The patient denies systemic diseases such as hypertension, diabetes, hepatitis, or tuberculosis.",1. Teeth and arches: Permanent dentition; arch form: ovoid; mild crowding; missing tooth 23. 2. Occlusion: Molar relationship: distal on both sides; canine relationship: mesial on both sides. Anterior deep overbite III; overjet I. Midline deviation to the left. 3. Other oral soft and hard tissues: Moderate oral hygiene and periodontal status. Normal palatal vault. Normal labial and lingual frenula. Normal tongue. 4. Facial form and others: Asymmetrical face with straight profile. Chin point deviation and deep mentolabial sulcus. Full crown restorations on teeth 23 and 24.
3551,3551-001,train,label_tooth_loss,1,missing tooth,chief_complaint,DIRECT_POSITIVE_CANDIDATE,,The patient is seeking a dental implant for the missing tooth in the lower right quadrant.,The patient is seeking a dental implant for the missing tooth in the lower right quadrant.,,,Tooth 47 is missing with normal occlusal-gingival distance. Soft tissues appear normal.
3567,3567-001,validation,label_caries,1,caries,examination,DIRECT_POSITIVE_CANDIDATE,,"urface, no abnormal coloration, swelling, or congestion. Teeth 18 and 28 are buccally impacted with caries and mesial food impaction, gingival papillae are swollen and congested. Tooth 12 has a carious lesi",The patient reports food impaction around the lower left molar.,The patient experiences frequent food impaction and gingival swelling with bleeding around the erupting lower left molar.,"The patient is generally healthy, denies any drug allergies, and has no family history of hereditary diseases.","Teeth 38 and 48 show mesial low vertical impaction with mucosal coverage on the distal occlusal surface, no abnormal coloration, swelling, or congestion. Teeth 18 and 28 are buccally impacted with caries and mesial food impaction, gingival papillae are swollen and congested. Tooth 12 has a carious lesion on the buccal occlusal surface extending to the middle dentin layer, negative to probing, cold, and heat tests, and percussion."
3568,3568-002,validation,label_caries,1,caries,examination,DIRECT_POSITIVE_CANDIDATE,,"s ago, treated with pulpotomy; recent weeks have seen filling loss, incisal edge defect, and labial caries. Tooth is discolored, with vitality test results consistent with the contralateral tooth, cold sens","Referred for orthodontic treatment, seeking tooth extraction to reduce crowding.",,,"Teeth 15, 25, 35, 45 exhibit generalized dental crowding. Tooth 21 has a history of pulp exposure due to trauma five years ago, treated with pulpotomy; recent weeks have seen filling loss, incisal edge defect, and labial caries. Tooth is discolored, with vitality test results consistent with the contralateral tooth, cold sensitivity, no percussion pain, gingival inflammation, or mobility."
3747,3747-001,train,label_caries,1,caries,examination,DIRECT_POSITIVE_CANDIDATE,,"ir, calculus (+), pigmentation (+). Occlusion and joints appear normal. Tooth 23 has residual root, caries, mobility grade II, negative probing, percussion (±). No other significant findings.",Missing upper left posterior teeth for several months.,"Missing upper left posterior teeth for several months, affecting eating, seeking treatment.","History of hypertension, controlled with medication, blood pressure 130/68 mmHg. Lumbar spine surgery with stent in 2014.","Teeth 24, 25, 26 missing, mesiodistal gap 24mm, occlusogingival distance 5mm, alveolar ridge depression, no overeruption of opposing teeth. Overall oral hygiene fair, calculus (+), pigmentation (+). Occlusion and joints appear normal. Tooth 23 has residual root, caries, mobility grade II, negative probing, percussion (±). No other significant findings."
3775,3775-001,train,label_tooth_loss,0,teeth missing,examination,DIRECT_POSITIVE_CANDIDATE,,"r arches, porcelain crowns on 11 and 21, crown on 36, implant restoration on 37. Two lower anterior teeth missing, scattered spacing in the lower anterior region, midline discrepancy, bilateral molar and canine ne",The patient reports spacing in the lower anterior teeth.,"The patient has had spacing in the lower anterior teeth for decades, affecting aesthetics, and seeks treatment today.",Denies systemic conditions.,"Permanent dentition, straight profile, generally aligned upper and lower arches, porcelain crowns on 11 and 21, crown on 36, implant restoration on 37. Two lower anterior teeth missing, scattered spacing in the lower anterior region, midline discrepancy, bilateral molar and canine neutral occlusion, rotation of 44 and 45. Class II deep overbite, normal overjet."
3807,3807-001,validation,label_tooth_loss,0,missing teeth,examination,DIRECT_POSITIVE_CANDIDATE,,"grade II for teeth 14, 24, 34, 44, 46; mobility grade III for tooth 35. Probing depth exceeds 5 mm. Missing teeth: 17, 27, 36, 37. Poor oral hygiene; Debris Index (DI): 1, Calculus Index (CI): 1 with supragingival",The patient reports tooth mobility and displacement for several years.,"The patient has experienced gradual tooth mobility and displacement, along with chewing weakness for several years. There is bleeding when brushing, but no significant pain.","The patient denies having cardiovascular diseases such as hypertension or coronary heart disease, metabolic diseases like diabetes or gout, infectious diseases such as hepatitis, syphilis, or HIV, autoimmune diseases like lupus, rheumatoid arthritis, or Hashimoto's thyroiditis, hormonal disorders such as hyperthyroidism or hypothyroidism, renal system diseases, psychiatric disorders, and allergies to penicillin or metals. The patient also denies any medication history and smoking history.","Generalized moderate to severe gingival recession, bleeding on probing, mobility grade I for teeth 15, 16, 25, 45, 46; mobility grade II for teeth 14, 24, 34, 44, 46; mobility grade III for tooth 35. Probing depth exceeds 5 mm. Missing teeth: 17, 27, 36, 37. Poor oral hygiene; Debris Index (DI): 1, Calculus Index (CI): 1 with supragingival calculus covering less than 1/3 of the tooth surface, detectable attachment loss, subgingival calculus, Bleeding Index: 4 with profuse bleeding filling and overflowing the gingival sulcus, gingival redness, and loss of stippling."
3834,3834-003,train,label_caries,1,caries,examination,DIRECT_POSITIVE_CANDIDATE,,"Teeth 27, 37, and 47 show buccal caries extending to the middle dentin layer, negative to probing, cold, heat, and percussion tests.",The patient reports dark discoloration of posterior teeth for several months.,"The patient has experienced darkening of posterior teeth for several months, affecting eating.",The patient is healthy with no systemic conditions or drug allergies.,"Teeth 27, 37, and 47 show buccal caries extending to the middle dentin layer, negative to probing, cold, heat, and percussion tests."
3835,3835-002,train,label_caries,1,caries,examination,DIRECT_POSITIVE_CANDIDATE,,"Tooth 16 shows old restoration with brown marginal caries, probe catches. Tooth 17 shows fissure caries with dark discoloration, probe catches.",The patient reports dark discoloration of the upper right posterior tooth for several days.,,,"Tooth 16 shows old restoration with brown marginal caries, probe catches. Tooth 17 shows fissure caries with dark discoloration, probe catches."
3835,3835-003,train,label_caries,0,caries,examination,DIRECT_POSITIVE_CANDIDATE,,"Teeth 17, 27, 37, and 47 exhibit buccal caries.",The patient wishes to continue orthodontic treatment after completing college entrance exams.,The patient's teeth alignment is in progress.,,"Teeth 17, 27, 37, and 47 exhibit buccal caries."
3835,3835-004,train,label_caries,1,caries,examination,DIRECT_POSITIVE_CANDIDATE,,"Teeth 17, 27, 37, and 47 show occlusal caries, with tooth 47 having buccal caries reaching mid-dentin, negative to probing, cold, and heat tests,",The patient reports dark discoloration of posterior teeth for six months.,The patient seeks evaluation for darkening of posterior teeth over several months.,Healthy with no systemic conditions or drug allergies.,"Teeth 17, 27, 37, and 47 show occlusal caries, with tooth 47 having buccal caries reaching mid-dentin, negative to probing, cold, and heat tests, and percussion."
3838,3838-001,train,label_caries,1,caries,examination,DIRECT_POSITIVE_CANDIDATE,,Tooth 17 exhibits occlusal caries extending into the dentin.,The patient reports having a cavity.,,,Tooth 17 exhibits occlusal caries extending into the dentin.
3909,3909-001,train,label_tooth_loss,1,missing tooth,chief_complaint,DIRECT_POSITIVE_CANDIDATE,,The patient requests restoration of a missing tooth.,The patient requests restoration of a missing tooth.,,,Tooth 16 is missing; gingiva is normal without redness or swelling.
3920,3920-001,test,label_tooth_loss,1,missing teeth,chief_complaint,DIRECT_POSITIVE_CANDIDATE,,The patient reports multiple missing teeth.,The patient reports multiple missing teeth.,"The patient describes multiple missing teeth and discomfort while eating with a removable denture, prompting today's visit.",No significant medical history.,"Poor oral hygiene, gingival redness, and recession. Missing teeth: 15, 17, 25, 26, 27, 31, 46. Grade III mobility in teeth 16 and 36. Remaining teeth show varying degrees of mobility. Residual root at 24. Carious defects in teeth 16, 14, 32, 34, 36, and 37."
3920,3920-001,test,label_tooth_loss,1,missing teeth,present_illness,DIRECT_POSITIVE_CANDIDATE,,"The patient describes multiple missing teeth and discomfort while eating with a removable denture, prompting today's visit.",The patient reports multiple missing teeth.,"The patient describes multiple missing teeth and discomfort while eating with a removable denture, prompting today's visit.",No significant medical history.,"Poor oral hygiene, gingival redness, and recession. Missing teeth: 15, 17, 25, 26, 27, 31, 46. Grade III mobility in teeth 16 and 36. Remaining teeth show varying degrees of mobility. Residual root at 24. Carious defects in teeth 16, 14, 32, 34, 36, and 37."
3920,3920-001,test,label_tooth_loss,1,missing teeth,examination,DIRECT_POSITIVE_CANDIDATE,,"Poor oral hygiene, gingival redness, and recession. Missing teeth: 15, 17, 25, 26, 27, 31, 46. Grade III mobility in teeth 16 and 36. Remaining teeth show varying de",The patient reports multiple missing teeth.,"The patient describes multiple missing teeth and discomfort while eating with a removable denture, prompting today's visit.",No significant medical history.,"Poor oral hygiene, gingival redness, and recession. Missing teeth: 15, 17, 25, 26, 27, 31, 46. Grade III mobility in teeth 16 and 36. Remaining teeth show varying degrees of mobility. Residual root at 24. Carious defects in teeth 16, 14, 32, 34, 36, and 37."
3944,3944-001,test,label_caries,1,caries,examination,DIRECT_POSITIVE_CANDIDATE,,"Bleeding index of 3, with bleeding filling the gingival sulcus upon probing. Tooth 14 shows distal caries extending into deep dentin, with equivocal probing response and negative percussion. Tooth 16 has m",The patient reports gum bleeding and discomfort for several months.,"The patient has experienced bleeding during tooth brushing and gum discomfort for several months, prompting today's visit.","The patient denies hypertension, heart disease, diabetes, drug allergies, and has no significant family medical history.","Generalized gingival redness and swelling, bleeding upon probing, and periodontal pockets detected. Poor oral hygiene with a debris index (DI) of 1 and calculus index (Cl) of 1, indicating supragingival calculus covering less than one-third of the tooth surface. Bleeding index of 3, with bleeding filling the gingival sulcus upon probing. Tooth 14 shows distal caries extending into deep dentin, with equivocal probing response and negative percussion. Tooth 16 has mesial caries with probe catching, negative percussion, and equivocal cold response. No gingival abnormalities detected."
3959,3959-001,validation,label_caries,1,caries,examination,DIRECT_POSITIVE_CANDIDATE,,"recession, percussion sensitivity, and cold sensitivity. Teeth 27, 37, 47 have residual roots with caries and grade I mobility, negative probing, and percussion sensitivity.",The patient reports dissatisfaction with the aesthetics of an upper anterior removable denture from another clinic for several weeks.,The patient is dissatisfied with the aesthetics of an upper anterior removable denture from another clinic and seeks treatment.,No significant medical history.,"Teeth 11, 12, 21, 22 are missing with a removable denture in place, no significant gingival redness. Teeth 17, 33, 35, 36, 43, 45, 46 are missing with alveolar ridge resorption and opposing teeth elongation. Overall oral hygiene is acceptable with calculus and pigmentation present. Tooth 44 shows gingival recession, percussion sensitivity, and cold sensitivity. Teeth 27, 37, 47 have residual roots with caries and grade I mobility, negative probing, and percussion sensitivity."
3960,3960-002,train,label_tooth_loss,1,edentulous,examination,DIRECT_POSITIVE_CANDIDATE,,Tooth 36 has an edentulous space with a mesiodistal gap of 8 mm and an occlusal-gingival distance of 3 mm. The alveolar ridge,The patient reports a missing posterior tooth for three months and requests restoration.,,,"Tooth 36 has an edentulous space with a mesiodistal gap of 8 mm and an occlusal-gingival distance of 3 mm. The alveolar ridge is resorbed, and there is no supraeruption of opposing teeth. Overall oral hygiene is fair with calculus and staining present. No significant occlusal or joint abnormalities noted."
3967,3967-001,train,label_caries,1,caries,examination,DIRECT_POSITIVE_CANDIDATE,,"the lingual surfaces of the lower anterior teeth. Tooth 31 is fractured. Teeth 17, 44, and 47 show caries.",The patient reports calculus on all teeth for several months.,The patient is aware of calculus on their teeth and seeks scaling treatment.,Healthy with no significant medical history.,"Teeth 11, 12, 13, 14, 15, 17, 18, 21, 22, 23, 24, 25, 31, 32, 33, 34, 35, 36, 37, 41, 42, 43, 44, 45, 46, 47, 48 show poor oral hygiene with minor pigmentation and calculus, especially on the lingual surfaces of the lower anterior teeth. Tooth 31 is fractured. Teeth 17, 44, and 47 show caries."
4079,4079-001,validation,label_caries,1,caries,examination,DIRECT_POSITIVE_CANDIDATE,,"ion, mobility grade III, negative probing, and percussion (±). Teeth 36, 47 are residual roots with caries and mobility grade II, negative probing, and percussion (±). Tooth 21 is missing with a mesiodistal",The patient reports tooth mobility and discomfort for several months.,"The patient has experienced tooth mobility and discomfort for several months, with bleeding during brushing, prompting today's visit.","History of hypertension, controlled with medication. Blood pressure: 135/76 mmHg.","Generalized moderate to severe gingival recession, bleeding on probing, tooth displacement, and periodontal pockets detected. Poor oral hygiene with a debris index (DI) of 1 and calculus index (CI) of 1, indicating supragingival calculus covering less than one-third of the tooth surface. Attachment loss and subgingival calculus detected, with a bleeding index of 4 (bleeding fills and overflows the gingival sulcus upon probing). Gingiva is swollen and dark red with loss of stippling. Teeth 15, 24, 25, 26, 31, 32, 35, 37, 41, 42 show moderate to severe gingival recession, mobility grade III, negative probing, and percussion (±). Teeth 36, 47 are residual roots with caries and mobility grade II, negative probing, and percussion (±). Tooth 21 is missing with a mesiodistal gap of 5mm and an occlusogingival distance of 5mm, with alveolar ridge resorption."
4082,4082-002,train,label_caries,1,caries,examination,DIRECT_POSITIVE_CANDIDATE,,"Teeth 16 and 25 exhibit occlusal caries. General oral hygiene is moderate with easy bleeding on probing, no periodontal pockets, presence o",The patient reports calculus on all teeth for several months.,"The patient has experienced bleeding gums during brushing for several months and perceives the presence of calculus, seeking scaling treatment.","No significant history, denies systemic diseases, hypertension, heart disease, diabetes, and drug allergies.","Teeth 16 and 25 exhibit occlusal caries. General oral hygiene is moderate with easy bleeding on probing, no periodontal pockets, presence of calculus, and staining. Gingiva is not swollen, and there is no attachment loss."
4085,4085-001,validation,label_tooth_loss,0,missing teeth,examination,DIRECT_POSITIVE_CANDIDATE,,"Generalized moderate to severe gingival recession, bleeding on probing, and missing teeth 37 and 44. Poor oral hygiene with debris index (DI) of 1 and calculus index (CI) of 1, indicating s",The patient reports loss of a lower right molar two days ago.,"The patient describes the loss of a lower right molar two days ago, with a history of tooth mobility and shifting over several months, bleeding during brushing, and no significant pain.","The patient denies cardiovascular diseases such as hypertension and coronary heart disease; metabolic diseases like diabetes and gout; infectious diseases including hepatitis, syphilis, and HIV; autoimmune diseases such as lupus, rheumatoid arthritis, and Hashimoto's thyroiditis; hormonal disorders like hyperthyroidism and hypothyroidism; renal system diseases; psychiatric disorders; and allergies to penicillin or metals. The patient also denies any medication use and has no smoking history.","Generalized moderate to severe gingival recession, bleeding on probing, and missing teeth 37 and 44. Poor oral hygiene with debris index (DI) of 1 and calculus index (CI) of 1, indicating supragingival calculus covering less than one-third of the tooth surface. Probing reveals attachment loss and subgingival calculus. Bleeding index of 4, indicating profuse bleeding upon probing. Gingiva is swollen and dark red with loss of stippling."
4088,4088-001,validation,label_caries,1,caries,examination,DIRECT_POSITIVE_CANDIDATE,,erate to severe gingival recession and grade III mobility. Teeth 36 and 47 have residual roots with caries and grade II mobility. Tooth 21 is missing with a mesiodistal gap of 5 mm and an occlusogingival ga,The patient reports discomfort due to tooth mobility for several months.,"The patient has experienced tooth mobility and discomfort for several months, with bleeding during brushing, prompting today's visit.","History of hypertension, controlled with medication. Blood pressure 135/76 mmHg.","Generalized moderate to severe gingival recession, bleeding on probing, and tooth displacement. Poor oral hygiene with debris index (DI) of 1 and calculus index (CI) of 1, indicating supragingival calculus covering less than one-third of the tooth surface. Probing reveals attachment loss and subgingival calculus. Bleeding index of 4, indicating profuse bleeding upon probing. Gingiva is swollen and dark red with loss of stippling. Teeth 15, 24, 25, 26, 31, 32, 35, 37, 41, and 42 show moderate to severe gingival recession and grade III mobility. Teeth 36 and 47 have residual roots with caries and grade II mobility. Tooth 21 is missing with a mesiodistal gap of 5 mm and an occlusogingival gap of 5 mm, with alveolar ridge resorption."
4112,4112-004,validation,label_caries,1,caries,examination,DIRECT_POSITIVE_CANDIDATE,,"does not fit properly with attachments not removed. Teeth 14, 15, 21, 24, 25, and 26 show proximal caries.","Orthodontic treatment ongoing for 82 months, routine check-up.",Fine-tuning adjustments of upper and lower arches.,,"Tooth 32 is misaligned, and tooth 12 does not fit properly with attachments not removed. Teeth 14, 15, 21, 24, 25, and 26 show proximal caries."
4128,4128-001,train,label_tooth_loss,0,missing teeth,examination,DIRECT_POSITIVE_CANDIDATE,,nment with 2 mm overbite and 1.5 mm overjet. No extra spaces. Mandibular midline discrepancy due to missing teeth.,Orthodontic treatment ongoing for 36 months.,Teeth alignment is in progress.,,Full dental arch alignment with 2 mm overbite and 1.5 mm overjet. No extra spaces. Mandibular midline discrepancy due to missing teeth.
4160,4160-002,test,label_caries,1,caries,examination,DIRECT_POSITIVE_CANDIDATE,,"healthy gingiva. Tooth 48 is unerupted with healthy gingiva. Teeth 17, 27, 37, and 47 have occlusal caries, negative percussion, healthy gingiva, and normal cold test response.",Referred from orthodontics for tooth extraction.,Referred from orthodontics seeking tooth extraction.,,"Tooth 14 is intact with healthy gingiva. Tooth 48 is unerupted with healthy gingiva. Teeth 17, 27, 37, and 47 have occlusal caries, negative percussion, healthy gingiva, and normal cold test response."
4172,4172-002,train,label_caries,1,caries,examination,DIRECT_POSITIVE_CANDIDATE,,"][6O][6O][6O] show poor overall oral hygiene with soft plaque accumulation at the cervical margins. Caries are present in the occlusal pits and fissures, with negative probing, cold, and percussion tests, a",Dark discoloration of bilateral posterior teeth for several days.,The patient noticed darkening of bilateral posterior teeth for several days and seeks treatment.,Healthy. No special conditions.,"Teeth [6O][6O][6O][6O] show poor overall oral hygiene with soft plaque accumulation at the cervical margins. Caries are present in the occlusal pits and fissures, with negative probing, cold, and percussion tests, and no gingival abnormalities. Teeth [0][4O] have deep occlusal pits and fissures with no significant findings on probing."
285,0285-002,train,label_caries,1,caries,examination,DIRECT_POSITIVE_CANDIDATE,,"Tooth 22 is temporarily sealed. Teeth 17, 46, and 47 have occlusal caries extending to the middle dentin layer, with normal cold and heat tests. Teeth 14, 24, 34, and 44 are",The patient returns for continued treatment one week after root canal therapy.,The patient reports no issues one week after root canal therapy and presents for further treatment.,,"Tooth 22 is temporarily sealed. Teeth 17, 46, and 47 have occlusal caries extending to the middle dentin layer, with normal cold and heat tests. Teeth 14, 24, 34, and 44 are fully erupted and require extraction as per orthodontic consultation."
579,0579-002,test,label_caries,0,caries,examination,DIRECT_POSITIVE_CANDIDATE,,"ased pain with cold stimulus, and slight mobility. Teeth 11, 12, 21, 23, 27 have extensive proximal caries with probe retention, reaching deep dentin, and sensitivity to cold.",The patient reports several days of pain in the lower right posterior tooth.,"The patient has experienced pain in the lower right posterior tooth for several days, affecting eating, and seeks evaluation today.","Denies recent travel to high-risk areas, contact with COVID-19 cases, or systemic illnesses.","Tooth 46 shows distal surface discoloration with probe retention, reaching deep dentin, increased pain with cold stimulus, and slight mobility. Teeth 11, 12, 21, 23, 27 have extensive proximal caries with probe retention, reaching deep dentin, and sensitivity to cold."
4205,4205-001,validation,label_caries,1,caries,examination,DIRECT_POSITIVE_CANDIDATE,,"Tooth 16 shows occlusal caries reaching the middle dentin layer, with negative probing, cold, heat, and percussion tests. Tooth [E",The patient reports mobility in the upper left posterior tooth.,,,"Tooth 16 shows occlusal caries reaching the middle dentin layer, with negative probing, cold, heat, and percussion tests. Tooth [ED][0] shows grade II mobility. Teeth 44 and 45 are erupting on the buccal side."
864,0864-002,train,label_caries,1,caries,examination,DIRECT_POSITIVE_CANDIDATE,,"Teeth 12, 22, and 23 have lost their bands; tooth 37 has caries.",The patient is in the 41st month of orthodontic treatment with no significant discomfort and continues treatment today.,The dental arches are undergoing fine-tuning.,,"Teeth 12, 22, and 23 have lost their bands; tooth 37 has caries."
1007,1007-002,validation,label_caries,1,caries,examination,DIRECT_POSITIVE_CANDIDATE,,"Tooth 47 has mesial proximal caries, with negative response to probing, cold, and percussion, and no mobility. Tooth 41 shows crowding",The patient requests tooth extraction and filling.,,,"Tooth 47 has mesial proximal caries, with negative response to probing, cold, and percussion, and no mobility. Tooth 41 shows crowding in the anterior region, positioned labially in the dental arch, with orthodontic recommendation for serial extraction."
1713,1713-002,train,label_caries,1,caries,examination,DIRECT_POSITIVE_CANDIDATE,,"Tooth 16 exhibits occlusal caries reaching the middle dentin layer, negative to probing, cold, heat, and percussion tests. Tooth [ED]",The patient reports mobility in the upper left posterior tooth.,,,"Tooth 16 exhibits occlusal caries reaching the middle dentin layer, negative to probing, cold, heat, and percussion tests. Tooth [ED][0] shows grade II mobility. Teeth 44 and 45 are erupting buccally. No other significant findings."
1734,1734-002,test,label_caries,1,caries,examination,DIRECT_POSITIVE_CANDIDATE,,ped on by a classmate. Calculus present on lower anterior teeth (++). Teeth 16 and 26 have occlusal caries.,"The patient is in the 9th month of orthodontic treatment with no significant discomfort, continuing treatment today.",Teeth alignment is ongoing.,,The patient reports that an intraoral appliance was deformed after being stepped on by a classmate. Calculus present on lower anterior teeth (++). Teeth 16 and 26 have occlusal caries.
1864,1864-002,train,label_caries,1,caries,examination,DIRECT_POSITIVE_CANDIDATE,,"Teeth 12, 13, 16, 22, 26, 36, and 46 show pit and fissure caries with dark discoloration and probe catch.",The patient reports multiple teeth have turned black over several days.,,,"Teeth 12, 13, 16, 22, 26, 36, and 46 show pit and fissure caries with dark discoloration and probe catch."
4257,4257-001,train,label_caries,1,caries,examination,DIRECT_POSITIVE_CANDIDATE,,"5mm overjet. The midline is aligned with no excess spacing. Teeth 16, 25, and 26 show interproximal caries.",The patient is in the 44th month of orthodontic treatment and reports no significant discomfort.,The patient is undergoing alignment.,,"The full dental arch is aligned with 2mm overbite and 1.5mm overjet. The midline is aligned with no excess spacing. Teeth 16, 25, and 26 show interproximal caries."
1963,1963-003,test,label_caries,1,caries,examination,DIRECT_POSITIVE_CANDIDATE,,"detached, showing poor adaptation. Tooth 13 is distally rotated and crowded. Tooth 46 has occlusal caries.","The patient is in the 43rd month of orthodontic treatment with no significant discomfort, continuing treatment today.",Teeth alignment is in progress.,,"Attachments on teeth 13, 17, 23, and 24 have detached, showing poor adaptation. Tooth 13 is distally rotated and crowded. Tooth 46 has occlusal caries."
2825,2825-002,train,label_caries,1,caries,examination,DIRECT_POSITIVE_CANDIDATE,,"Orthodontic appliances fitting well with spacing. Caries present on teeth 17, 27, and 37. Calculus noted on lower anterior teeth (++).","Orthodontic treatment ongoing for 19 months, no significant discomfort, continuing treatment today.",Fine-tuning of dental alignment in progress.,,"Orthodontic appliances fitting well with spacing. Caries present on teeth 17, 27, and 37. Calculus noted on lower anterior teeth (++)."
2844,2844-003,train,label_caries,1,caries,examination,DIRECT_POSITIVE_CANDIDATE,,"Caries present on teeth 15, 16, 17, 26, 27, 34, 36, 37, and 46. Patient reports protrusion of maxillary ce","Orthodontic treatment ongoing for over 48 months, follow-up visit.",Fine-tuning of dental alignment in progress.,,"Caries present on teeth 15, 16, 17, 26, 27, 34, 36, 37, and 46. Patient reports protrusion of maxillary central incisors (11, 21) and desires slight retraction."
2974,2974-002,test,label_caries,1,caries,examination,DIRECT_POSITIVE_CANDIDATE,,"significant structural defects detected, but deep pits and fissures are noted. Teeth 37 and 47 have caries extending to the dentin layer, sensitive to cold, with no percussion pain and normal gingival color",Request for a dental check-up for one day.,The child's guardian requests a dental check-up.,Denies systemic diseases and drug allergies.,"Teeth 14, 17, 24, 34, 35, 44, 45 show poor oral hygiene with plaque accumulation at the cervical areas. No significant structural defects detected, but deep pits and fissures are noted. Teeth 37 and 47 have caries extending to the dentin layer, sensitive to cold, with no percussion pain and normal gingival color."
4333,4333-001,train,label_caries,1,caries,examination,DIRECT_POSITIVE_CANDIDATE,,"Tooth 16 has occlusal caries reaching mid-dentin, negative to probing, cold, heat, and percussion tests. Retained tooth [ED][0]",Mobility in the upper left posterior tooth.,,,"Tooth 16 has occlusal caries reaching mid-dentin, negative to probing, cold, heat, and percussion tests. Retained tooth [ED][0] shows grade II mobility. Teeth 44 and 45 are erupting buccally. No other abnormalities noted."
4340,4340-002,validation,label_caries,1,caries,examination,DIRECT_POSITIVE_CANDIDATE,,"at the cervical areas, no significant tissue defects, but deep pits and fissures. Teeth 37, 47 have caries reaching the dentin layer, sensitive to cold, no percussion pain, and normal gingival color.",Request for oral examination.,The child's guardian requested an oral examination.,Denies systemic diseases and drug allergies.,"Teeth 14, 17, 24, 34, 35, 44, 45 show poor oral hygiene with plaque accumulation at the cervical areas, no significant tissue defects, but deep pits and fissures. Teeth 37, 47 have caries reaching the dentin layer, sensitive to cold, no percussion pain, and normal gingival color."
3130,3130-002,train,label_caries,1,caries,examination,DIRECT_POSITIVE_CANDIDATE,,"Teeth 16 and 36 have caries with soft dentin, probe catches, negative cold and percussion tests. Gingiva appears normal. Teeth",Request for dental examination.,The child's guardian requests a dental examination.,Denies any systemic diseases and drug allergies.,"Teeth 16 and 36 have caries with soft dentin, probe catches, negative cold and percussion tests. Gingiva appears normal. Teeth 14, 15, 17, 34, 35, and 37 show poor oral hygiene with plaque accumulation at cervical areas, no obvious dental tissue defects, and deep occlusal fissures."
4354,4354-001,test,label_caries,1,caries,examination,DIRECT_POSITIVE_CANDIDATE,,"Tooth 27 shows secondary caries on the mesial surface. Teeth 23, 26, and 46 have debonded brackets with mesial tipping of posterior",The patient is undergoing orthodontic treatment for 43 months and is here for a check-up.,The patient is in the fine-tuning stage of upper and lower jaw alignment.,,"Tooth 27 shows secondary caries on the mesial surface. Teeth 23, 26, and 46 have debonded brackets with mesial tipping of posterior teeth."
4355,4355-001,train,label_caries,1,caries,examination,DIRECT_POSITIVE_CANDIDATE,,well. Teeth 53 and 63 have not erupted. Insufficient eruption of teeth in quadrant 0. Tooth 16 has caries.,The patient is undergoing orthodontic treatment for over 3 months and is here for a check-up.,The patient is in the stage of aligning teeth.,,The upper jaw aligner is not fitting well. Teeth 53 and 63 have not erupted. Insufficient eruption of teeth in quadrant 0. Tooth 16 has caries.
4356,4356-001,train,label_caries,1,caries,examination,DIRECT_POSITIVE_CANDIDATE,,"Caries present on teeth 15, 16, 17, 26, 27, 34, 36, 37, and 46. The patient reports protrusion of maxillar",The patient is undergoing orthodontic treatment for over 48 months and is here for a follow-up.,The patient is in the fine-tuning stage of tooth alignment.,,"Caries present on teeth 15, 16, 17, 26, 27, 34, 36, 37, and 46. The patient reports protrusion of maxillary central incisors 11 and 21 and desires retraction."
4371,4371-001,train,label_caries,1,caries,examination,DIRECT_POSITIVE_CANDIDATE,,"Teeth 17, 27, 37, and 47 exhibit buccal caries.",The patient resumes orthodontic treatment after completing college entrance exams.,The patient's teeth alignment is in progress.,,"Teeth 17, 27, 37, and 47 exhibit buccal caries."
4418,4418-001,train,label_caries,1,caries,examination,DIRECT_POSITIVE_CANDIDATE,,Tooth 21 shows a detached bracket. Tooth 36 has occlusal caries and fissure pigmentation.,The patient is in the 13th month of orthodontic treatment and is here for a check-up.,The patient is in the process of correcting a crossbite.,,Tooth 21 shows a detached bracket. Tooth 36 has occlusal caries and fissure pigmentation.
4420,4420-001,validation,label_caries,1,caries,examination,DIRECT_POSITIVE_CANDIDATE,,and overjet. Midlines are aligned with no excess spacing. Tongue thrust swallowing is uncorrected. Caries status unchanged.,The patient has been in orthodontic treatment for over 57 months and reports no discomfort. Treatment is concluding today.,The patient has been undergoing orthodontic treatment for over 57 months with satisfactory results.,,The dental arch is aligned with 2mm overbite and overjet. Midlines are aligned with no excess spacing. Tongue thrust swallowing is uncorrected. Caries status unchanged.
3745,3745-002,train,label_caries,1,caries,examination,DIRECT_POSITIVE_CANDIDATE,,"l, but tooth movement is slightly behind the animation. Scattered gaps are present in the mandible. Caries are noted on teeth 11, 12, 18, 21, and 36.",The patient is in the 23rd month of orthodontic treatment and is here for a check-up.,"In the 23rd month of orthodontic treatment, the mandibular space is closing.",,"The orthodontic appliance fits well, but tooth movement is slightly behind the animation. Scattered gaps are present in the mandible. Caries are noted on teeth 11, 12, 18, 21, and 36."
4117,4117-002,train,label_caries,1,caries,examination,DIRECT_POSITIVE_CANDIDATE,,Maxillary alignment is effective. Teeth 36 and 46 exhibit buccal caries.,The patient is in the third month of orthodontic treatment and is here for a follow-up.,Teeth alignment is in progress.,,Maxillary alignment is effective. Teeth 36 and 46 exhibit buccal caries.
4473,4473-001,train,label_caries,1,caries,examination,DIRECT_POSITIVE_CANDIDATE,,"[DC][0][D][D], caries present.","Orthodontic treatment for 9 months, follow-up visit.",Teeth alignment is in progress.,,"[DC][0][D][D], caries present."
674,0674-002,train,label_tooth_loss,1,missing teeth,chief_complaint,DIRECT_POSITIVE_CANDIDATE,,The patient reports missing teeth in the right upper and lower jaws for several months.,The patient reports missing teeth in the right upper and lower jaws for several months.,"The patient has experienced missing teeth in the right upper and lower jaws for several months, affecting eating, and seeks treatment today.",The patient is generally healthy with no significant medical history.,"Teeth 15, 44, and 46 are missing, with well-healed gingiva, adequate keratinized gingiva, and good alveolar ridge form without significant depression. Oral hygiene is average. Normal mouth opening and temporomandibular joint function. Teeth 26, 34, and 36 have sutures in place with well-healed wounds."
674,0674-002,train,label_tooth_loss,1,missing teeth,present_illness,DIRECT_POSITIVE_CANDIDATE,,"The patient has experienced missing teeth in the right upper and lower jaws for several months, affecting eating, and seeks treatment today.",The patient reports missing teeth in the right upper and lower jaws for several months.,"The patient has experienced missing teeth in the right upper and lower jaws for several months, affecting eating, and seeks treatment today.",The patient is generally healthy with no significant medical history.,"Teeth 15, 44, and 46 are missing, with well-healed gingiva, adequate keratinized gingiva, and good alveolar ridge form without significant depression. Oral hygiene is average. Normal mouth opening and temporomandibular joint function. Teeth 26, 34, and 36 have sutures in place with well-healed wounds."
1642,1642-002,train,label_tooth_loss,1,missing teeth,chief_complaint,DIRECT_POSITIVE_CANDIDATE,,Missing teeth in the right upper and lower jaws for several months.,Missing teeth in the right upper and lower jaws for several months.,"The patient has experienced missing teeth in the right upper and lower jaws for several months, affecting eating, and seeks treatment.",Healthy with no significant medical history.,"Teeth 15, 44, and 46 are missing, with well-healed gingiva, adequate keratinized tissue, and good alveolar ridge form. Oral hygiene is average. Normal mouth opening and temporomandibular joint function. Teeth 26, 34, and 36 with sutures in place and good wound healing."
1642,1642-002,train,label_tooth_loss,1,missing teeth,present_illness,DIRECT_POSITIVE_CANDIDATE,,"The patient has experienced missing teeth in the right upper and lower jaws for several months, affecting eating, and seeks treatment.",Missing teeth in the right upper and lower jaws for several months.,"The patient has experienced missing teeth in the right upper and lower jaws for several months, affecting eating, and seeks treatment.",Healthy with no significant medical history.,"Teeth 15, 44, and 46 are missing, with well-healed gingiva, adequate keratinized tissue, and good alveolar ridge form. Oral hygiene is average. Normal mouth opening and temporomandibular joint function. Teeth 26, 34, and 36 with sutures in place and good wound healing."
1849,1849-002,test,label_caries,1,caries,examination,DIRECT_POSITIVE_CANDIDATE,,"ve erupted normally with deep fissures and surface pigmentation. Teeth 36 and 46 have buccal groove caries, sensitive to probing, with negative percussion.",,,,"Teeth 16, 26, 36, and 46 have erupted normally with deep fissures and surface pigmentation. Teeth 36 and 46 have buccal groove caries, sensitive to probing, with negative percussion."
3099,3099-002,train,label_caries,1,caries,examination,DIRECT_POSITIVE_CANDIDATE,,"Teeth 14, 24, 26, and 36 have occlusal caries extending into the middle dentin layer, negative to probing, cold, heat, and percussion tests.","The patient reports dark discoloration of posterior teeth for several days, seeking treatment.",Darkening of posterior teeth has affected eating.,Healthy with no systemic conditions or drug allergies.,"Teeth 14, 24, 26, and 36 have occlusal caries extending into the middle dentin layer, negative to probing, cold, heat, and percussion tests."
4354,4354-002,test,label_caries,1,caries,present_illness,DIRECT_POSITIVE_CANDIDATE,,Referred from orthodontics for caries management.,Referred from orthodontics for dental restoration.,Referred from orthodontics for caries management.,,"Tooth 27 shows mesial caries, negative percussion, healthy gingiva, and normal cold test response."
4354,4354-002,test,label_caries,1,caries,examination,DIRECT_POSITIVE_CANDIDATE,,"Tooth 27 shows mesial caries, negative percussion, healthy gingiva, and normal cold test response.",Referred from orthodontics for dental restoration.,Referred from orthodontics for caries management.,,"Tooth 27 shows mesial caries, negative percussion, healthy gingiva, and normal cold test response."
4355,4355-002,train,label_caries,1,caries,examination,DIRECT_POSITIVE_CANDIDATE,,"36 show poor oral hygiene with significant plaque and staining. Existing restorations have marginal caries, negative cold and percussion tests, and normal gingival color.",The patient has had a cavity in the upper right molar for one week and requests a filling.,The patient's guardian requests a dental examination.,Denies systemic diseases and drug allergies.,"Teeth 16 and 36 show poor oral hygiene with significant plaque and staining. Existing restorations have marginal caries, negative cold and percussion tests, and normal gingival color."
4371,4371-002,train,label_caries,1,caries,examination,DIRECT_POSITIVE_CANDIDATE,,"Teeth 17, 27, 37, and 47 exhibit occlusal caries, with tooth 47 showing buccal caries extending to the mid-dentin layer. Negative to probing, cold,",The patient seeks treatment for dark discoloration of posterior teeth for six months.,The patient noticed darkening of posterior teeth over several months.,Healthy with no systemic conditions or drug allergies.,"Teeth 17, 27, 37, and 47 exhibit occlusal caries, with tooth 47 showing buccal caries extending to the mid-dentin layer. Negative to probing, cold, heat, and percussion tests."
3306,3306-002,train,label_caries,1,caries,examination,DIRECT_POSITIVE_CANDIDATE,,Tooth 11 shows a mesial filling with marginal caries. Percussion and gingival tests are negative; cold test is normal.,Referred from orthodontics for dental restoration.,Referred from orthodontics for dental restoration.,,Tooth 11 shows a mesial filling with marginal caries. Percussion and gingival tests are negative; cold test is normal.
4410,4410-002,validation,label_caries,1,caries,examination,DIRECT_POSITIVE_CANDIDATE,,"Teeth 17, 27, 37, and 47 show occlusal caries reaching the superficial dentin layer. Cold and heat tests are normal.",The patient reports cavities in the posterior teeth on both sides for half a month.,"The patient reports cavities in the posterior teeth affecting eating, prompting today's visit.",The patient denies any systemic medical conditions.,"Teeth 17, 27, 37, and 47 show occlusal caries reaching the superficial dentin layer. Cold and heat tests are normal."
4643,4643-001,test,label_tooth_loss,1,edentulism,chief_complaint,DIRECT_POSITIVE_CANDIDATE,,The patient reports maxillary arch edentulism for several months and requests restoration.,The patient reports maxillary arch edentulism for several months and requests restoration.,"The patient has experienced maxillary arch edentulism for several months, affecting eating, and seeks treatment.",The patient is healthy with no significant medical history or systemic conditions.,"Teeth 11, 12, 13, 14, 15, 16, 21, 22, 23, 24, 25, 26 are missing. The gingiva at the edentulous sites is healthy, with good alveolar ridge form and adequate gingival-occlusal distance. Oral hygiene is average. Normal mouth opening and temporomandibular joint movement. No other abnormalities noted."
4643,4643-001,test,label_tooth_loss,1,edentulism,present_illness,DIRECT_POSITIVE_CANDIDATE,,"The patient has experienced maxillary arch edentulism for several months, affecting eating, and seeks treatment.",The patient reports maxillary arch edentulism for several months and requests restoration.,"The patient has experienced maxillary arch edentulism for several months, affecting eating, and seeks treatment.",The patient is healthy with no significant medical history or systemic conditions.,"Teeth 11, 12, 13, 14, 15, 16, 21, 22, 23, 24, 25, 26 are missing. The gingiva at the edentulous sites is healthy, with good alveolar ridge form and adequate gingival-occlusal distance. Oral hygiene is average. Normal mouth opening and temporomandibular joint movement. No other abnormalities noted."
4643,4643-001,test,label_tooth_loss,1,edentulous,examination,DIRECT_POSITIVE_CANDIDATE,,"Teeth 11, 12, 13, 14, 15, 16, 21, 22, 23, 24, 25, 26 are missing. The gingiva at the edentulous sites is healthy, with good alveolar ridge form and adequate gingival-occlusal distance. Oral hygie",The patient reports maxillary arch edentulism for several months and requests restoration.,"The patient has experienced maxillary arch edentulism for several months, affecting eating, and seeks treatment.",The patient is healthy with no significant medical history or systemic conditions.,"Teeth 11, 12, 13, 14, 15, 16, 21, 22, 23, 24, 25, 26 are missing. The gingiva at the edentulous sites is healthy, with good alveolar ridge form and adequate gingival-occlusal distance. Oral hygiene is average. Normal mouth opening and temporomandibular joint movement. No other abnormalities noted."
4667,4667-001,train,label_tooth_loss,1,missing teeth,chief_complaint,DIRECT_POSITIVE_CANDIDATE,,The patient reports missing teeth in the lower left posterior region for several months.,The patient reports missing teeth in the lower left posterior region for several months.,The patient has experienced difficulties eating due to missing teeth in the lower left posterior region for several months and seeks treatment.,Healthy with no significant medical history.,"Teeth 34, 35, and 36 are missing, with a mesiodistal gap of 25.5 mm and a vertical gap of 5 mm. The alveolar ridge is resorbed, and opposing teeth show no overeruption. Overall oral hygiene is fair, with some calculus and pigmentation. Occlusion and TMJ are unremarkable."
4667,4667-001,train,label_tooth_loss,1,missing teeth,present_illness,DIRECT_POSITIVE_CANDIDATE,,The patient has experienced difficulties eating due to missing teeth in the lower left posterior region for several months and seeks treatment.,The patient reports missing teeth in the lower left posterior region for several months.,The patient has experienced difficulties eating due to missing teeth in the lower left posterior region for several months and seeks treatment.,Healthy with no significant medical history.,"Teeth 34, 35, and 36 are missing, with a mesiodistal gap of 25.5 mm and a vertical gap of 5 mm. The alveolar ridge is resorbed, and opposing teeth show no overeruption. Overall oral hygiene is fair, with some calculus and pigmentation. Occlusion and TMJ are unremarkable."
1008,1008-002,test,label_caries,1,caries,chief_complaint,DIRECT_POSITIVE_CANDIDATE,,The patient reports caries in the upper left posterior teeth for several days.,The patient reports caries in the upper left posterior teeth for several days.,"Denies systemic conditions, hypertension, heart disease, diabetes, drug allergies, and significant family medical history. No recent travel to high-risk areas or contact with COVID-19 cases.",,"Tooth [0][DE] shows proximal caries with a darkened appearance, negative to probing and percussion. Teeth 16 and 26 have incipient occlusal caries, negative to probing and percussion."
1008,1008-002,test,label_caries,1,caries,examination,DIRECT_POSITIVE_CANDIDATE,,"Tooth [0][DE] shows proximal caries with a darkened appearance, negative to probing and percussion. Teeth 16 and 26 have incipient occl",The patient reports caries in the upper left posterior teeth for several days.,"Denies systemic conditions, hypertension, heart disease, diabetes, drug allergies, and significant family medical history. No recent travel to high-risk areas or contact with COVID-19 cases.",,"Tooth [0][DE] shows proximal caries with a darkened appearance, negative to probing and percussion. Teeth 16 and 26 have incipient occlusal caries, negative to probing and percussion."
4728,4728-001,train,label_caries,1,caries,chief_complaint,DIRECT_POSITIVE_CANDIDATE,,The patient reports caries in the lower left posterior tooth for several days.,The patient reports caries in the lower left posterior tooth for several days.,The patient experiences pain when biting on the lower left posterior tooth for several days.,"Denies systemic conditions, hypertension, heart disease, diabetes, and drug allergies. No recent travel to high-risk areas or contact with COVID-19 cases.","[E] shows mesial caries with ink-stained changes, negative probing, and percussion. [D] shows distal caries, negative probing, and percussion, with X-ray showing deep shadow near the pulp. [A][A] shows mesial caries, negative probing, and percussion."
4728,4728-001,train,label_caries,1,caries,examination,DIRECT_POSITIVE_CANDIDATE,,"[E] shows mesial caries with ink-stained changes, negative probing, and percussion. [D] shows distal caries, negative probi",The patient reports caries in the lower left posterior tooth for several days.,The patient experiences pain when biting on the lower left posterior tooth for several days.,"Denies systemic conditions, hypertension, heart disease, diabetes, and drug allergies. No recent travel to high-risk areas or contact with COVID-19 cases.","[E] shows mesial caries with ink-stained changes, negative probing, and percussion. [D] shows distal caries, negative probing, and percussion, with X-ray showing deep shadow near the pulp. [A][A] shows mesial caries, negative probing, and percussion."
1451,1451-002,train,label_caries,1,caries,examination,DIRECT_POSITIVE_CANDIDATE,,Tooth 46 exhibits buccal caries extending to the middle layer of dentin. Cold and heat tests are normal.,The patient reports a cavity in the lower right molar for one week.,,,Tooth 46 exhibits buccal caries extending to the middle layer of dentin. Cold and heat tests are normal.
4737,4737-001,train,label_caries,1,caries,examination,DIRECT_POSITIVE_CANDIDATE,,"Teeth [4M][1D] show ink-like discoloration with intact marginal ridges. Caries extend to deep dentin, negative to probing; cold test is variable; no mobility; gingiva appears nor",The patient noticed discoloration of the upper left anterior and upper right posterior teeth one month ago.,"One month ago, the patient observed black discoloration on the upper left anterior and upper right posterior teeth without pain and seeks restoration.",The patient is healthy with no significant medical history and denies systemic diseases or drug allergies.,"Teeth [4M][1D] show ink-like discoloration with intact marginal ridges. Caries extend to deep dentin, negative to probing; cold test is variable; no mobility; gingiva appears normal."
4745,4745-001,train,label_caries,1,caries,examination,DIRECT_POSITIVE_CANDIDATE,,Tooth 16 has a temporary crown. Teeth 36 and 37 show occlusal caries.,The patient reports no significant discomfort and continues treatment today.,,The patient denies any recent travel to high-risk areas or contact with COVID-19 cases. The patient tested negative for COVID-19 within the last 72 hours.,Tooth 16 has a temporary crown. Teeth 36 and 37 show occlusal caries.
1912,1912-002,test,label_caries,1,caries,examination,DIRECT_POSITIVE_CANDIDATE,,"Teeth 12, 13, 16, 22, 26, 36, and 46 show fissure caries with dark discoloration and positive probe retention.",The patient reports darkening of multiple teeth over several days.,,,"Teeth 12, 13, 16, 22, 26, 36, and 46 show fissure caries with dark discoloration and positive probe retention."
2051,2051-002,train,label_caries,1,caries,examination,DIRECT_POSITIVE_CANDIDATE,,"Teeth 16 and 47 show occlusal caries, with normal percussion and cold tests, and healthy gingiva.",The patient reports having fillings on both sides of the posterior teeth one week ago.,The patient seeks further treatment one week after receiving fillings on both sides of the posterior teeth.,,"Teeth 16 and 47 show occlusal caries, with normal percussion and cold tests, and healthy gingiva."
4280,4280-002,validation,label_caries,1,caries,examination,DIRECT_POSITIVE_CANDIDATE,,"Teeth 26 and 36 show occlusal caries on tooth 16 and buccal caries on tooth 36, reaching the middle layer of dentin. Sensitivity tests f",The patient reports a cavity in the left posterior teeth for several days.,The patient seeks treatment for a cavity in the left posterior teeth that has been present for several days.,Healthy with no systemic conditions or drug allergies.,"Teeth 26 and 36 show occlusal caries on tooth 16 and buccal caries on tooth 36, reaching the middle layer of dentin. Sensitivity tests for cold, heat, and percussion are negative."
4309,4309-002,validation,label_caries,1,caries,chief_complaint,DIRECT_POSITIVE_CANDIDATE,,Caries on both posterior teeth for six months.,Caries on both posterior teeth for six months.,"The patient reports caries on both sides of posterior teeth, affecting eating, seeking treatment.",Denies systemic medical history.,"Teeth 26 and 36 have occlusal caries reaching mid-dentin, normal response to cold and heat tests. Tooth 16 has occlusal caries reaching deep dentin, sensitive to cold and heat tests."
4309,4309-002,validation,label_caries,1,caries,present_illness,DIRECT_POSITIVE_CANDIDATE,,"The patient reports caries on both sides of posterior teeth, affecting eating, seeking treatment.",Caries on both posterior teeth for six months.,"The patient reports caries on both sides of posterior teeth, affecting eating, seeking treatment.",Denies systemic medical history.,"Teeth 26 and 36 have occlusal caries reaching mid-dentin, normal response to cold and heat tests. Tooth 16 has occlusal caries reaching deep dentin, sensitive to cold and heat tests."
4309,4309-002,validation,label_caries,1,caries,examination,DIRECT_POSITIVE_CANDIDATE,,"Teeth 26 and 36 have occlusal caries reaching mid-dentin, normal response to cold and heat tests. Tooth 16 has occlusal caries reaching",Caries on both posterior teeth for six months.,"The patient reports caries on both sides of posterior teeth, affecting eating, seeking treatment.",Denies systemic medical history.,"Teeth 26 and 36 have occlusal caries reaching mid-dentin, normal response to cold and heat tests. Tooth 16 has occlusal caries reaching deep dentin, sensitive to cold and heat tests."
2847,2847-002,train,label_caries,1,caries,chief_complaint,DIRECT_POSITIVE_CANDIDATE,,Caries on both posterior teeth for six months.,Caries on both posterior teeth for six months.,"The patient reports caries on both posterior teeth affecting mastication, seeking treatment.",Denies systemic illnesses.,"Teeth 26 and 36 have occlusal caries extending to the middle dentin layer, normal response to cold and heat tests. Tooth 16 has occlusal caries extending to deep dentin, sensitive to cold and heat tests."
2847,2847-002,train,label_caries,1,caries,present_illness,DIRECT_POSITIVE_CANDIDATE,,"The patient reports caries on both posterior teeth affecting mastication, seeking treatment.",Caries on both posterior teeth for six months.,"The patient reports caries on both posterior teeth affecting mastication, seeking treatment.",Denies systemic illnesses.,"Teeth 26 and 36 have occlusal caries extending to the middle dentin layer, normal response to cold and heat tests. Tooth 16 has occlusal caries extending to deep dentin, sensitive to cold and heat tests."
2847,2847-002,train,label_caries,1,caries,examination,DIRECT_POSITIVE_CANDIDATE,,"Teeth 26 and 36 have occlusal caries extending to the middle dentin layer, normal response to cold and heat tests. Tooth 16 has occlusal",Caries on both posterior teeth for six months.,"The patient reports caries on both posterior teeth affecting mastication, seeking treatment.",Denies systemic illnesses.,"Teeth 26 and 36 have occlusal caries extending to the middle dentin layer, normal response to cold and heat tests. Tooth 16 has occlusal caries extending to deep dentin, sensitive to cold and heat tests."
2876,2876-002,test,label_caries,1,caries,examination,DIRECT_POSITIVE_CANDIDATE,,Tooth 22 shows caries on the labial surface extending to the middle layer of dentin. Cold and heat tests are normal.,The patient reports a cavity in the upper front tooth for half a month.,"The patient reports a cavity in the upper front tooth affecting aesthetics, seeking treatment.",,Tooth 22 shows caries on the labial surface extending to the middle layer of dentin. Cold and heat tests are normal.
2908,2908-002,train,label_caries,1,caries,examination,DIRECT_POSITIVE_CANDIDATE,,"[E] Poor oral hygiene with significant plaque and pigment deposition. Caries extend to the dentin layer, probe catches, negative cold test, negative percussion, no significant",Request for dental check-up.,The child's guardian requests a dental check-up.,Denies systemic diseases and drug allergies.,"[E] Poor oral hygiene with significant plaque and pigment deposition. Caries extend to the dentin layer, probe catches, negative cold test, negative percussion, no significant color change in teeth."
2925,2925-002,train,label_caries,1,caries,present_illness,DIRECT_POSITIVE_CANDIDATE,,"Caries present, no recent discomfort.","Noticed a cavity in the lower right molar a few days ago, no discomfort.","Caries present, no recent discomfort.",Healthy with no significant medical history.,"Tooth 46 shows caries in the groove, positive probing, negative cold test, defect extends to dentin."
2925,2925-002,train,label_caries,1,caries,examination,DIRECT_POSITIVE_CANDIDATE,,"Tooth 46 shows caries in the groove, positive probing, negative cold test, defect extends to dentin.","Noticed a cavity in the lower right molar a few days ago, no discomfort.","Caries present, no recent discomfort.",Healthy with no significant medical history.,"Tooth 46 shows caries in the groove, positive probing, negative cold test, defect extends to dentin."
4348,4348-002,train,label_caries,1,caries,examination,DIRECT_POSITIVE_CANDIDATE,,"Teeth 17, 21, and 27 show poor oral hygiene with significant plaque and pigment deposition. Caries extend to the dentin layer, with probe catching. Negative cold and percussion tests. Gingiva appear",Discoloration of posterior teeth on both sides for several weeks.,"Discoloration of posterior teeth on both sides for several weeks, referred from orthodontics.",Denies any systemic diseases and drug allergies.,"Teeth 17, 21, and 27 show poor oral hygiene with significant plaque and pigment deposition. Caries extend to the dentin layer, with probe catching. Negative cold and percussion tests. Gingiva appears normal."
4605,4605-002,train,label_caries,1,caries,examination,DIRECT_POSITIVE_CANDIDATE,,"Teeth 17, 27, and 47 show occlusal caries with normal percussion and cold tests, and healthy gingiva. Tooth 22 has palatal caries with normal",Referred from orthodontics for dental restoration.,The patient was referred from orthodontics for dental restoration.,,"Teeth 17, 27, and 47 show occlusal caries with normal percussion and cold tests, and healthy gingiva. Tooth 22 has palatal caries with normal percussion and cold tests."
3149,3149-002,train,label_caries,1,caries,examination,DIRECT_POSITIVE_CANDIDATE,,"Teeth 37, 46, and 47 show poor oral hygiene with significant plaque and pigment deposition, caries extending to mid-dentin, negative cold and percussion tests, and normal gingival color.",Darkening of posterior teeth on both sides for one week.,The child's guardian requested an oral examination.,Denies systemic diseases and drug allergies.,"Teeth 37, 46, and 47 show poor oral hygiene with significant plaque and pigment deposition, caries extending to mid-dentin, negative cold and percussion tests, and normal gingival color."
4779,4779-001,train,label_caries,1,caries,present_illness,DIRECT_POSITIVE_CANDIDATE,,The patient has been in treatment for 23 months with satisfactory results. Caries are being filled.,"The patient has been undergoing orthodontic treatment for 23 months with satisfactory results, and continues treatment today.",The patient has been in treatment for 23 months with satisfactory results. Caries are being filled.,,The entire dental arch is well-aligned with a 2mm overbite and 1.5mm overjet. Midline is aligned with no excess spacing. Caries are being filled.
4388,4388-002,validation,label_caries,1,caries,examination,DIRECT_POSITIVE_CANDIDATE,,"Teeth 17, 21, and 27 show poor oral hygiene with significant plaque and pigment deposition. Caries extend to the dentin layer. Probing reveals sticky texture, cold test negative, percussion negative",Discoloration of posterior teeth on both sides for several weeks.,"Discoloration of posterior teeth on both sides for several weeks, referred from orthodontics.",Denies systemic diseases and drug allergies.,"Teeth 17, 21, and 27 show poor oral hygiene with significant plaque and pigment deposition. Caries extend to the dentin layer. Probing reveals sticky texture, cold test negative, percussion negative, and gingiva appears normal."
4395,4395-002,train,label_caries,1,caries,examination,DIRECT_POSITIVE_CANDIDATE,,"Tooth 11 has a filling with marginal caries, negative percussion, healthy gingiva, and normal cold test response.",Referred from orthodontics for tooth restoration.,"Referred from orthodontics, seeking dental filling.",,"Tooth 11 has a filling with marginal caries, negative percussion, healthy gingiva, and normal cold test response."
4135,4135-002,train,label_caries,1,caries,examination,DIRECT_POSITIVE_CANDIDATE,,"Poor oral hygiene with plaque accumulation at the cervical margins. Occlusal caries present, negative to probing, cold, and percussion tests. Gingiva appears normal.",The patient reports darkening of posterior teeth on both sides for several days.,"Darkening of posterior teeth on both sides for several days, seeking examination.",Healthy with no significant medical history. Denies drug and food allergies.,"Poor oral hygiene with plaque accumulation at the cervical margins. Occlusal caries present, negative to probing, cold, and percussion tests. Gingiva appears normal."
